﻿trial,state,opacityLevel,direction,imagefile,onsetTime,trials.thisRepN,trials.thisTrialN,trials.thisN,trials.thisIndex,trials2.thisRepN,trials2.thisTrialN,trials2.thisN,trials2.thisIndex,instructions.started,instructions.stopped,key_resp_2.keys,key_resp_2.rt,key_resp_2.started,key_resp_2.stopped,text.started,text.stopped,key_resp_4.keys,key_resp_4.rt,key_resp_4.started,key_resp_4.stopped,fixation.started,fixation.stopped,key_resp_5.keys,key_resp_5.rt,key_resp_5.started,key_resp_5.stopped,arrowPractice.started,arrowPractice.stopped,circlePractice.started,circlePractice.stopped,text_3.started,text_3.stopped,key_resp_6.keys,key_resp_6.rt,key_resp_6.started,key_resp_6.stopped,fixation_point.started,fixation_point.stopped,key_resp.keys,key_resp.rt,key_resp.started,key_resp.stopped,arrowExperiment.started,arrowExperiment.stopped,circleExperiment.started,circleExperiment.stopped,text_2.started,text_2.stopped,participant,session,date,expName,psychopyVersion,frameRate,
,,,,,,,,,,,,,,25.39542390004499,None,right,28.380547300039325,25.39542390004499,None,,,,,,,,,,,,,,,,,,,,,,,,,,,,,,,,,,,1,001,2021_Dec_03_1152,Behavioural experiment project,2021.2.3,143.83832576339307,
,,,,,,,,,,,,,,,,,,,,53.789474299992435,None,right,34.37860149994958,53.789474299992435,None,,,,,,,,,,,,,,,,,,,,,,,,,,,,,1,001,2021_Dec_03_1152,Behavioural experiment project,2021.2.3,143.83832576339307,
8,conscious,1,right,rightArrow.png,2.65,0,0,0,7,,,,,,,,,,,,,,,,,88.72673520003445,89.72672870004317,right,0.3923742999904789,90.47672710003098,None,90.47672710003098,None,90.47672710003098,None,,,,,,,,,,,,,,,,,,,1,001,2021_Dec_03_1152,Behavioural experiment project,2021.2.3,143.83832576339307,
4,unconscious,0.015,left,leftArrow.png,3.59,0,1,1,3,,,,,,,,,,,,,,,,,91.40033570001833,92.40032430004794,left,0.5456625000224449,93.15032330004033,None,93.15032330004033,93.65032120002434,93.15032330004033,93.65032120002434,,,,,,,,,,,,,,,,,,,1,001,2021_Dec_03_1152,Behavioural experiment project,2021.2.3,143.83832576339307,
6,unconscious,0.015,left,leftArrow.png,3.55,0,2,2,5,,,,,,,,,,,,,,,,,94.21975420002127,95.21974540001247,left,0.48726389999501407,95.96974710002542,None,95.96974710002542,None,95.96974710002542,None,,,,,,,,,,,,,,,,,,,1,001,2021_Dec_03_1152,Behavioural experiment project,2021.2.3,143.83832576339307,
12,conscious,1,left,leftArrow.png,2.76,0,3,3,11,,,,,,,,,,,,,,,,,96.97667050000746,97.97666690003825,left,0.34729470004094765,98.7266642000177,None,98.7266642000177,None,98.7266642000177,None,,,,,,,,,,,,,,,,,,,1,001,2021_Dec_03_1152,Behavioural experiment project,2021.2.3,143.83832576339307,
7,conscious,1,right,rightArrow.png,3.65,0,4,4,6,,,,,,,,,,,,,,,,,99.59470820002025,100.59471370000392,right,0.3403459000401199,101.34472260001348,None,101.34472260001348,None,101.34472260001348,None,,,,,,,,,,,,,,,,,,,1,001,2021_Dec_03_1152,Behavioural experiment project,2021.2.3,143.83832576339307,
10,conscious,1,left,leftArrow.png,3.67,0,5,5,9,,,,,,,,,,,,,,,,,102.20582110004034,103.20581800001673,left,0.3652604999952018,103.95579199999338,None,103.95579199999338,None,103.95579199999338,None,,,,,,,,,,,,,,,,,,,1,001,2021_Dec_03_1152,Behavioural experiment project,2021.2.3,143.83832576339307,
2,unconscious,0.015,right,rightArrow.png,3.59,0,6,6,1,,,,,,,,,,,,,,,,,104.84469840000384,105.84467930003302,left,0.3123308000504039,106.59467630001018,None,106.59467630001018,None,106.59467630001018,None,,,,,,,,,,,,,,,,,,,1,001,2021_Dec_03_1152,Behavioural experiment project,2021.2.3,143.83832576339307,
11,conscious,1,left,leftArrow.png,3.16,0,7,7,10,,,,,,,,,,,,,,,,,107.42802540003322,108.4279926000163,left,0.41596169996773824,109.17799019999802,None,109.17799019999802,None,109.17799019999802,None,,,,,,,,,,,,,,,,,,,1,001,2021_Dec_03_1152,Behavioural experiment project,2021.2.3,143.83832576339307,
3,unconscious,0.015,right,rightArrow.png,2.97,0,8,8,2,,,,,,,,,,,,,,,,,110.11554800003069,111.11548310000217,right,0.3645214000134729,111.86547770001926,None,111.86547770001926,None,111.86547770001926,None,,,,,,,,,,,,,,,,,,,1,001,2021_Dec_03_1152,Behavioural experiment project,2021.2.3,143.83832576339307,
9,conscious,1,right,rightArrow.png,2.34,0,9,9,8,,,,,,,,,,,,,,,,,112.75435370003106,113.75435020000441,right,0.3367215000325814,114.50433810002869,None,114.50433810002869,None,114.50433810002869,None,,,,,,,,,,,,,,,,,,,1,001,2021_Dec_03_1152,Behavioural experiment project,2021.2.3,143.83832576339307,
1,unconscious,0.015,right,rightArrow.png,2.6,0,10,10,0,,,,,,,,,,,,,,,,,115.36545500002103,116.36543639999582,left,0.31151510000927374,117.11544100003084,None,117.11544100003084,None,117.11544100003084,None,,,,,,,,,,,,,,,,,,,1,001,2021_Dec_03_1152,Behavioural experiment project,2021.2.3,143.83832576339307,
5,unconscious,0.015,left,leftArrow.png,3.69,0,11,11,4,,,,,,,,,,,,,,,,,117.94876810000278,118.94876130000921,right,0.5802070999634452,119.69875880004838,None,119.69875880004838,120.1987559000263,119.69875880004838,120.1987559000263,,,,,,,,,,,,,,,,,,,1,001,2021_Dec_03_1152,Behavioural experiment project,2021.2.3,143.83832576339307,
,,,,,,,,,,,,,,,,,,,,,,,,,,,,,,,,,,,,120.2959754000185,None,right,1.77696750004543,120.2959754000185,None,,,,,,,,,,,,,1,001,2021_Dec_03_1152,Behavioural experiment project,2021.2.3,143.83832576339307,
49,conscious,1,right,rightArrow.png,3.22,,,,,0,0,0,48,,,,,,,,,,,,,,,,,,,,,,,,,,,,,122.64318260003347,123.6431706000003,right,0.4134749000077136,125.35844710003585,None,125.35844710003585,None,125.35844710003585,None,,,1,001,2021_Dec_03_1152,Behavioural experiment project,2021.2.3,143.83832576339307,
79,conscious,1,left,leftArrow.png,2.54,,,,,0,1,1,78,,,,,,,,,,,,,,,,,,,,,,,,,,,,,126.30287519999547,127.30286370002432,left,0.2663141000084579,128.33759070001543,None,128.33759070001543,None,128.33759070001543,None,,,1,001,2021_Dec_03_1152,Behavioural experiment project,2021.2.3,143.83832576339307,
75,conscious,1,left,leftArrow.png,2.76,,,,,0,2,2,74,,,,,,,,,,,,,,,,,,,,,,,,,,,,,129.12924770003883,130.12924090004526,left,0.31285679998109117,131.39307920000283,None,131.39307920000283,None,131.39307920000283,None,,,1,001,2021_Dec_03_1152,Behavioural experiment project,2021.2.3,143.83832576339307,
36,unconscious,0.015,left,leftArrow.png,2.4,,,,,0,3,3,35,,,,,,,,,,,,,,,,,,,,,,,,,,,,,132.23338750004768,133.23340100003406,left,0.27867809997405857,134.1292175000417,None,134.1292175000417,None,134.1292175000417,None,,,1,001,2021_Dec_03_1152,Behavioural experiment project,2021.2.3,143.83832576339307,
3,unconscious,0.015,right,rightArrow.png,2.6,,,,,0,4,4,2,,,,,,,,,,,,,,,,,,,,,,,,,,,,,134.92779530002736,135.92781920003472,right,0.29296970000723377,137.03196029999526,None,137.03196029999526,None,137.03196029999526,None,,,1,001,2021_Dec_03_1152,Behavioural experiment project,2021.2.3,143.83832576339307,
51,conscious,1,right,rightArrow.png,2.34,,,,,0,5,5,50,,,,,,,,,,,,,,,,,,,,,,,,,,,,,137.85139790002722,138.85142010002164,right,0.2742939000017941,139.69165510003222,None,139.69165510003222,None,139.69165510003222,None,,,1,001,2021_Dec_03_1152,Behavioural experiment project,2021.2.3,143.83832576339307,
34,unconscious,0.015,left,leftArrow.png,2.88,,,,,0,6,6,33,,,,,,,,,,,,,,,,,,,,,,,,,,,,,140.49721860000864,141.4971773000434,right,0.34175439999671653,142.87216790003004,None,142.87216790003004,None,142.87216790003004,None,,,1,001,2021_Dec_03_1152,Behavioural experiment project,2021.2.3,143.83832576339307,
23,unconscious,0.015,left,leftArrow.png,3.64,,,,,0,7,7,22,,,,,,,,,,,,,,,,,,,,,,,,,,,,,143.73329619999276,144.73332210001536,left,0.39482159999897704,146.8790959000471,None,146.8790959000471,None,146.8790959000471,None,,,1,001,2021_Dec_03_1152,Behavioural experiment project,2021.2.3,143.83832576339307,
63,conscious,1,left,leftArrow.png,2.65,,,,,0,8,8,62,,,,,,,,,,,,,,,,,,,,,,,,,,,,,147.79578780004522,148.79575650003972,left,0.26211050001438707,149.94882450002478,None,149.94882450002478,None,149.94882450002478,None,,,1,001,2021_Dec_03_1152,Behavioural experiment project,2021.2.3,143.83832576339307,
72,conscious,1,left,leftArrow.png,3.16,,,,,0,9,9,71,,,,,,,,,,,,,,,,,,,,,,,,,,,,,150.73322230001213,151.7332885999931,left,0.19110259995795786,153.39297300000908,None,153.39297300000908,None,153.39297300000908,None,,,1,001,2021_Dec_03_1152,Behavioural experiment project,2021.2.3,143.83832576339307,
50,conscious,1,right,rightArrow.png,2.77,,,,,0,10,10,49,,,,,,,,,,,,,,,,,,,,,,,,,,,,,154.1082410000381,155.10824710002635,right,0.3220302000408992,156.37906880001538,None,156.37906880001538,None,156.37906880001538,None,,,1,001,2021_Dec_03_1152,Behavioural experiment project,2021.2.3,143.83832576339307,
19,unconscious,0.015,right,rightArrow.png,3.25,,,,,0,11,11,18,,,,,,,,,,,,,,,,,,,,,,,,,,,,,157.22628190001706,158.2262722000014,right,0.06773889996111393,159.97626530000707,None,159.97626530000707,None,159.97626530000707,None,,,1,001,2021_Dec_03_1152,Behavioural experiment project,2021.2.3,143.83832576339307,
60,conscious,1,right,rightArrow.png,3.21,,,,,0,12,12,59,,,,,,,,,,,,,,,,,,,,,,,,,,,,,160.56653340003686,161.56653860001825,right,0.37312419997761026,163.27485149999848,None,163.27485149999848,None,163.27485149999848,None,,,1,001,2021_Dec_03_1152,Behavioural experiment project,2021.2.3,143.83832576339307,
69,conscious,1,left,leftArrow.png,3.27,,,,,0,13,13,68,,,,,,,,,,,,,,,,,,,,,,,,,,,,,164.1706805000431,165.17066840000916,left,0.3594720999826677,166.94148910004878,None,166.94148910004878,None,166.94148910004878,None,,,1,001,2021_Dec_03_1152,Behavioural experiment project,2021.2.3,143.83832576339307,
64,conscious,1,left,leftArrow.png,2.58,,,,,0,14,14,63,,,,,,,,,,,,,,,,,,,,,,,,,,,,,167.82346420001704,168.82340900000418,left,0.3012909000390209,169.9067602000432,None,169.9067602000432,None,169.9067602000432,None,,,1,001,2021_Dec_03_1152,Behavioural experiment project,2021.2.3,143.83832576339307,
62,conscious,1,left,leftArrow.png,3.67,,,,,0,15,15,61,,,,,,,,,,,,,,,,,,,,,,,,,,,,,170.74006939999526,171.7400784000056,left,0.3062777000013739,173.90672680002172,None,173.90672680002172,None,173.90672680002172,None,,,1,001,2021_Dec_03_1152,Behavioural experiment project,2021.2.3,143.83832576339307,
77,conscious,1,left,leftArrow.png,2.44,,,,,0,16,16,76,,,,,,,,,,,,,,,,,,,,,,,,,,,,,174.733104700048,175.73310280003352,left,0.2785011000232771,176.67057910002768,None,176.67057910002768,None,176.67057910002768,None,,,1,001,2021_Dec_03_1152,Behavioural experiment project,2021.2.3,143.83832576339307,
59,conscious,1,right,rightArrow.png,3.2,,,,,0,17,17,58,,,,,,,,,,,,,,,,,,,,,,,,,,,,,177.46919110004092,178.46919180004625,right,0.5124725999776274,180.17056080000475,None,180.17056080000475,180.6705503000412,180.17056080000475,180.6705503000412,,,1,001,2021_Dec_03_1152,Behavioural experiment project,2021.2.3,143.83832576339307,
38,unconscious,0.015,left,leftArrow.png,3.39,,,,,0,18,18,37,,,,,,,,,,,,,,,,,,,,,,,,,,,,,181.20529040001566,182.20527570002014,left,0.37285739998333156,184.0941606000415,None,184.0941606000415,None,184.0941606000415,None,,,1,001,2021_Dec_03_1152,Behavioural experiment project,2021.2.3,143.83832576339307,
76,conscious,1,left,leftArrow.png,3.28,,,,,0,19,19,75,,,,,,,,,,,,,,,,,,,,,,,,,,,,,184.9899934999994,185.98997110000346,left,0.26833429996622726,187.76774169999408,None,187.76774169999408,None,187.76774169999408,None,,,1,001,2021_Dec_03_1152,Behavioural experiment project,2021.2.3,143.83832576339307,
54,conscious,1,right,rightArrow.png,2.5,,,,,0,20,20,53,,,,,,,,,,,,,,,,,,,,,,,,,,,,,188.5593962999992,189.55938059999608,right,0.29762080003274605,190.55938970000716,None,190.55938970000716,None,190.55938970000716,None,,,1,001,2021_Dec_03_1152,Behavioural experiment project,2021.2.3,143.83832576339307,
78,conscious,1,left,leftArrow.png,2.91,,,,,0,21,21,77,,,,,,,,,,,,,,,,,,,,,,,,,,,,,191.37883520004107,192.37880860001314,left,0.35658899997361004,193.78853200003505,None,193.78853200003505,None,193.78853200003505,None,,,1,001,2021_Dec_03_1152,Behavioural experiment project,2021.2.3,143.83832576339307,
39,unconscious,0.015,left,leftArrow.png,2.58,,,,,0,22,22,38,,,,,,,,,,,,,,,,,,,,,,,,,,,,,194.6704735000385,195.67046540003503,right,0.4542420000070706,196.75377519999165,None,196.75377519999165,None,196.75377519999165,None,,,1,001,2021_Dec_03_1152,Behavioural experiment project,2021.2.3,143.83832576339307,
52,conscious,1,right,rightArrow.png,2.29,,,,,0,23,23,51,,,,,,,,,,,,,,,,,,,,,,,,,,,,,197.73295219999272,198.73293769999873,right,0.3044085000292398,199.52459550002823,None,199.52459550002823,None,199.52459550002823,None,,,1,001,2021_Dec_03_1152,Behavioural experiment project,2021.2.3,143.83832576339307,
65,conscious,1,left,leftArrow.png,3.04,,,,,0,24,24,64,,,,,,,,,,,,,,,,,,,,,,,,,,,,,200.3509915000177,201.35097980004502,left,0.3193353000096977,202.89263070002198,None,202.89263070002198,None,202.89263070002198,None,,,1,001,2021_Dec_03_1152,Behavioural experiment project,2021.2.3,143.83832576339307,
80,conscious,1,left,leftArrow.png,2.66,,,,,0,25,25,79,,,,,,,,,,,,,,,,,,,,,,,,,,,,,203.73290609999094,204.73290150001412,left,0.3313649999909103,205.8926472000312,None,205.8926472000312,None,205.8926472000312,None,,,1,001,2021_Dec_03_1152,Behavioural experiment project,2021.2.3,143.83832576339307,
15,unconscious,0.015,right,rightArrow.png,3.45,,,,,0,26,26,14,,,,,,,,,,,,,,,,,,,,,,,,,,,,,206.74677700002212,207.74676080001518,None,,209.69814910000423,None,209.69814910000423,210.19813950004755,209.69814910000423,210.19813950004755,,,1,001,2021_Dec_03_1152,Behavioural experiment project,2021.2.3,143.83832576339307,
29,unconscious,0.015,left,leftArrow.png,3.71,,,,,0,27,27,28,,,,,,,,,,,,,,,,,,,,,,,,,,,,,211.21206290001282,212.21201270003803,left,0.4378380000125617,214.4272982000257,210.71896000002744,214.4272982000257,None,214.4272982000257,None,,,1,001,2021_Dec_03_1152,Behavioural experiment project,2021.2.3,143.83832576339307,
20,unconscious,0.015,right,rightArrow.png,2.9,,,,,0,28,28,19,,,,,,,,,,,,,,,,,,,,,,,,,,,,,215.38560680003138,216.38561360002495,left,0.3086853999993764,217.78836830001092,None,217.78836830001092,None,217.78836830001092,None,,,1,001,2021_Dec_03_1152,Behavioural experiment project,2021.2.3,143.83832576339307,
32,unconscious,0.015,left,leftArrow.png,2.32,,,,,0,29,29,31,,,,,,,,,,,,,,,,,,,,,,,,,,,,,218.62169880000874,219.62169689999428,left,0.45309739996446297,220.44112200004747,None,220.44112200004747,None,220.44112200004747,None,,,1,001,2021_Dec_03_1152,Behavioural experiment project,2021.2.3,143.83832576339307,
37,unconscious,0.015,left,leftArrow.png,2.7,,,,,0,30,30,36,,,,,,,,,,,,,,,,,,,,,,,,,,,,,221.41335109999636,222.41334279999137,left,0.3112379999947734,223.61472360003972,None,223.61472360003972,None,223.61472360003972,None,,,1,001,2021_Dec_03_1152,Behavioural experiment project,2021.2.3,143.83832576339307,
13,unconscious,0.015,right,rightArrow.png,2.27,,,,,0,31,31,12,,,,,,,,,,,,,,,,,,,,,,,,,,,,,224.44804029999068,225.4480374000268,right,0.3241670999559574,226.21887199999765,None,226.21887199999765,None,226.21887199999765,None,,,1,001,2021_Dec_03_1152,Behavioural experiment project,2021.2.3,143.83832576339307,
11,unconscious,0.015,right,rightArrow.png,2.45,,,,,0,32,32,10,,,,,,,,,,,,,,,,,,,,,,,,,,,,,227.06608469999628,228.0660743000335,left,0.27655650000087917,229.0174612000119,None,229.0174612000119,None,229.0174612000119,None,,,1,001,2021_Dec_03_1152,Behavioural experiment project,2021.2.3,143.83832576339307,
43,conscious,1,right,rightArrow.png,3.62,,,,,0,33,33,42,,,,,,,,,,,,,,,,,,,,,,,,,,,,,229.81606530002318,230.816055400006,right,0.24398550001205876,232.9341027000337,None,232.9341027000337,None,232.9341027000337,None,,,1,001,2021_Dec_03_1152,Behavioural experiment project,2021.2.3,143.83832576339307,
25,unconscious,0.015,left,leftArrow.png,3.58,,,,,0,34,34,24,,,,,,,,,,,,,,,,,,,,,,,,,,,,,233.69798029999947,234.69797370000742,right,0.3619414000422694,236.78129080001963,None,236.78129080001963,None,236.78129080001963,None,,,1,001,2021_Dec_03_1152,Behavioural experiment project,2021.2.3,143.83832576339307,
35,unconscious,0.015,left,leftArrow.png,3.55,,,,,0,35,35,34,,,,,,,,,,,,,,,,,,,,,,,,,,,,,237.66323010000633,238.6632205999922,right,0.3354140000301413,240.711829100037,None,240.711829100037,None,240.711829100037,None,,,1,001,2021_Dec_03_1152,Behavioural experiment project,2021.2.3,143.83832576339307,
46,conscious,1,right,rightArrow.png,2.65,,,,,0,36,36,45,,,,,,,,,,,,,,,,,,,,,,,,,,,,,241.57293580000987,242.57292700000107,right,0.3234174999524839,243.72569019999355,None,243.72569019999355,None,243.72569019999355,None,,,1,001,2021_Dec_03_1152,Behavioural experiment project,2021.2.3,143.83832576339307,
74,conscious,1,left,leftArrow.png,2.73,,,,,0,37,37,73,,,,,,,,,,,,,,,,,,,,,,,,,,,,,244.57290590001503,245.57292240002425,left,0.32494710001628846,246.80207400000654,None,246.80207400000654,None,246.80207400000654,None,,,1,001,2021_Dec_03_1152,Behavioural experiment project,2021.2.3,143.83832576339307,
4,unconscious,0.015,right,rightArrow.png,3.26,,,,,0,38,38,3,,,,,,,,,,,,,,,,,,,,,,,,,,,,,247.64927600004012,248.64925720001338,left,0.2768758999882266,250.41315209999448,None,250.41315209999448,None,250.41315209999448,None,,,1,001,2021_Dec_03_1152,Behavioural experiment project,2021.2.3,143.83832576339307,
58,conscious,1,right,rightArrow.png,2.78,,,,,0,39,39,57,,,,,,,,,,,,,,,,,,,,,,,,,,,,,251.2117564000073,252.21170079999138,right,0.3285518000484444,253.48952050000662,None,253.48952050000662,None,253.48952050000662,None,,,1,001,2021_Dec_03_1152,Behavioural experiment project,2021.2.3,143.83832576339307,
47,conscious,1,right,rightArrow.png,2.26,,,,,0,40,40,46,,,,,,,,,,,,,,,,,,,,,,,,,,,,,254.3436915000202,255.3436685000197,right,0.3084104000008665,256.1006075000041,None,256.1006075000041,None,256.1006075000041,None,,,1,001,2021_Dec_03_1152,Behavioural experiment project,2021.2.3,143.83832576339307,
67,conscious,1,left,leftArrow.png,3.4,,,,,0,41,41,66,,,,,,,,,,,,,,,,,,,,,,,,,,,,,256.93393390002893,257.9339303000015,left,0.42143029998987913,259.8366912000347,None,259.8366912000347,None,259.8366912000347,None,,,1,001,2021_Dec_03_1152,Behavioural experiment project,2021.2.3,143.83832576339307,
55,conscious,1,right,rightArrow.png,2.64,,,,,0,42,42,54,,,,,,,,,,,,,,,,,,,,,,,,,,,,,260.78112880000845,261.7811245000339,right,0.3001594000379555,262.9199859999935,None,262.9199859999935,None,262.9199859999935,None,,,1,001,2021_Dec_03_1152,Behavioural experiment project,2021.2.3,143.83832576339307,
21,unconscious,0.015,left,leftArrow.png,3.59,,,,,0,43,43,20,,,,,,,,,,,,,,,,,,,,,,,,,,,,,263.7394411000423,264.73943170002894,right,0.4303766000084579,266.82969790004427,None,266.82969790004427,None,266.82969790004427,None,,,1,001,2021_Dec_03_1152,Behavioural experiment project,2021.2.3,143.83832576339307,
26,unconscious,0.015,left,leftArrow.png,2.58,,,,,0,44,44,25,,,,,,,,,,,,,,,,,,,,,,,,,,,,,267.781087600044,268.78106980002485,left,0.41460339998593554,269.85744560003513,None,269.85744560003513,None,269.85744560003513,None,,,1,001,2021_Dec_03_1152,Behavioural experiment project,2021.2.3,143.83832576339307,
66,conscious,1,left,leftArrow.png,2.84,,,,,0,45,45,65,,,,,,,,,,,,,,,,,,,,,,,,,,,,,270.794936100021,271.79493880004156,left,0.39475870004389435,273.1352143000113,None,273.1352143000113,None,273.1352143000113,None,,,1,001,2021_Dec_03_1152,Behavioural experiment project,2021.2.3,143.83832576339307,
12,unconscious,0.015,right,rightArrow.png,3.07,,,,,0,46,46,11,,,,,,,,,,,,,,,,,,,,,,,,,,,,,274.05187220004154,275.05186599999433,right,0.6118341999826953,276.6212977000396,None,276.6212977000396,277.1212927000015,276.6212977000396,277.1212927000015,,,1,001,2021_Dec_03_1152,Behavioural experiment project,2021.2.3,143.83832576339307,
61,conscious,1,left,leftArrow.png,3.66,,,,,0,47,47,60,,,,,,,,,,,,,,,,,,,,,,,,,,,,,277.7532467000419,278.7532247999916,left,0.315158799989149,280.9129366000416,None,280.9129366000416,None,280.9129366000416,None,,,1,001,2021_Dec_03_1152,Behavioural experiment project,2021.2.3,143.83832576339307,
71,conscious,1,left,leftArrow.png,3.25,,,,,0,48,48,70,,,,,,,,,,,,,,,,,,,,,,,,,,,,,281.7532062000246,282.75319640000816,left,0.308015999966301,284.5031927000382,None,284.5031927000382,None,284.5031927000382,None,,,1,001,2021_Dec_03_1152,Behavioural experiment project,2021.2.3,143.83832576339307,
18,unconscious,0.015,right,rightArrow.png,3.13,,,,,0,49,49,17,,,,,,,,,,,,,,,,,,,,,,,,,,,,,285.33651380002266,286.33650730003137,right,0.43161859997780994,287.9684341000393,None,287.9684341000393,None,287.9684341000393,None,,,1,001,2021_Dec_03_1152,Behavioural experiment project,2021.2.3,143.83832576339307,
16,unconscious,0.015,right,rightArrow.png,2.87,,,,,0,50,50,15,,,,,,,,,,,,,,,,,,,,,,,,,,,,,288.91983329999493,289.919813000015,left,0.3602128999773413,291.28786159999436,None,291.28786159999436,None,291.28786159999436,None,,,1,001,2021_Dec_03_1152,Behavioural experiment project,2021.2.3,143.83832576339307,
9,unconscious,0.015,right,rightArrow.png,2.97,,,,,0,51,51,8,,,,,,,,,,,,,,,,,,,,,,,,,,,,,292.1698027999955,293.1697900000145,left,0.3240589000051841,294.6420141000417,None,294.6420141000417,None,294.6420141000417,None,,,1,001,2021_Dec_03_1152,Behavioural experiment project,2021.2.3,143.83832576339307,
31,unconscious,0.015,left,leftArrow.png,3.01,,,,,0,52,52,30,,,,,,,,,,,,,,,,,,,,,,,,,,,,,295.48923920001835,296.4892053999938,right,0.392919699952472,297.99613990000216,None,297.99613990000216,None,297.99613990000216,None,,,1,001,2021_Dec_03_1152,Behavioural experiment project,2021.2.3,143.83832576339307,
5,unconscious,0.015,right,rightArrow.png,2.29,,,,,0,53,53,4,,,,,,,,,,,,,,,,,,,,,,,,,,,,,298.91281170002185,299.91280450002523,right,0.4207878000452183,300.7044649000163,None,300.7044649000163,None,300.7044649000163,None,,,1,001,2021_Dec_03_1152,Behavioural experiment project,2021.2.3,143.83832576339307,
27,unconscious,0.015,left,leftArrow.png,2.59,,,,,0,54,54,26,,,,,,,,,,,,,,,,,,,,,,,,,,,,,301.6489079000312,302.64889450004557,left,0.35794020001776516,303.739163500024,None,303.739163500024,None,303.739163500024,None,,,1,001,2021_Dec_03_1152,Behavioural experiment project,2021.2.3,143.83832576339307,
8,unconscious,0.015,right,rightArrow.png,2.57,,,,,0,55,55,7,,,,,,,,,,,,,,,,,,,,,,,,,,,,,304.6211046000244,305.62110580003355,right,0.4595096999546513,306.690534399997,None,306.690534399997,None,306.690534399997,None,,,1,001,2021_Dec_03_1152,Behavioural experiment project,2021.2.3,143.83832576339307,
24,unconscious,0.015,left,leftArrow.png,3.69,,,,,0,56,56,23,,,,,,,,,,,,,,,,,,,,,,,,,,,,,307.669684100023,308.66968110000016,right,0.32491740002296865,310.8641239000135,None,310.8641239000135,None,310.8641239000135,None,,,1,001,2021_Dec_03_1152,Behavioural experiment project,2021.2.3,143.83832576339307,
10,unconscious,0.015,right,rightArrow.png,3.29,,,,,0,57,57,9,,,,,,,,,,,,,,,,,,,,,,,,,,,,,311.71132940001553,312.7113098000409,left,0.27012050000485033,314.5029800000484,None,314.5029800000484,None,314.5029800000484,None,,,1,001,2021_Dec_03_1152,Behavioural experiment project,2021.2.3,143.83832576339307,
68,conscious,1,left,leftArrow.png,2.97,,,,,0,58,58,67,,,,,,,,,,,,,,,,,,,,,,,,,,,,,315.2946720000473,316.2946363000083,left,0.37420590000692755,317.76684400002705,None,317.76684400002705,None,317.76684400002705,None,,,1,001,2021_Dec_03_1152,Behavioural experiment project,2021.2.3,143.83832576339307,
30,unconscious,0.015,left,leftArrow.png,2.42,,,,,0,59,59,29,,,,,,,,,,,,,,,,,,,,,,,,,,,,,318.66267300001346,319.6626624999917,right,0.4086820000084117,320.57932980003534,None,320.57932980003534,None,320.57932980003534,None,,,1,001,2021_Dec_03_1152,Behavioural experiment project,2021.2.3,143.83832576339307,
22,unconscious,0.015,left,leftArrow.png,2.91,,,,,0,60,60,21,,,,,,,,,,,,,,,,,,,,,,,,,,,,,321.5098803000292,322.50987599999644,left,0.31050590000813827,323.9195980000077,None,323.9195980000077,None,323.9195980000077,None,,,1,001,2021_Dec_03_1152,Behavioural experiment project,2021.2.3,143.83832576339307,
73,conscious,1,left,leftArrow.png,2.68,,,,,0,61,61,72,,,,,,,,,,,,,,,,,,,,,,,,,,,,,324.7529084000271,325.75290490000043,left,0.3246427999692969,326.933448900003,None,326.933448900003,None,326.933448900003,None,,,1,001,2021_Dec_03_1152,Behavioural experiment project,2021.2.3,143.83832576339307,
42,conscious,1,right,rightArrow.png,3.43,,,,,0,62,62,41,,,,,,,,,,,,,,,,,,,,,,,,,,,,,327.7806642000214,328.7806541000027,right,0.33085620001656935,330.7111998000182,None,330.7111998000182,None,330.7111998000182,None,,,1,001,2021_Dec_03_1152,Behavioural experiment project,2021.2.3,143.83832576339307,
28,unconscious,0.015,left,leftArrow.png,2.6,,,,,0,63,63,27,,,,,,,,,,,,,,,,,,,,,,,,,,,,,331.56535849999636,332.56535099999746,left,0.39663969998946413,333.662569600041,None,333.662569600041,None,333.662569600041,None,,,1,001,2021_Dec_03_1152,Behavioural experiment project,2021.2.3,143.83832576339307,
44,conscious,1,right,rightArrow.png,2.5,,,,,0,64,64,43,,,,,,,,,,,,,,,,,,,,,,,,,,,,,334.5792280000169,335.57921769999666,right,0.3018885999917984,336.57921880000504,None,336.57921880000504,None,336.57921880000504,None,,,1,001,2021_Dec_03_1152,Behavioural experiment project,2021.2.3,143.83832576339307,
56,conscious,1,right,rightArrow.png,2.26,,,,,0,65,65,55,,,,,,,,,,,,,,,,,,,,,,,,,,,,,337.40559690003283,338.4055869000149,right,0.29960780002875254,339.1625275000115,None,339.1625275000115,None,339.1625275000115,None,,,1,001,2021_Dec_03_1152,Behavioural experiment project,2021.2.3,143.83832576339307,
70,conscious,1,left,leftArrow.png,3.16,,,,,0,66,66,69,,,,,,,,,,,,,,,,,,,,,,,,,,,,,339.98199719999684,340.98195240000496,left,0.3484323999728076,342.64168900001096,None,342.64168900001096,None,342.64168900001096,None,,,1,001,2021_Dec_03_1152,Behavioural experiment project,2021.2.3,143.83832576339307,
1,unconscious,0.015,right,rightArrow.png,2.59,,,,,0,67,67,0,,,,,,,,,,,,,,,,,,,,,,,,,,,,,343.50976290000835,344.50970749999397,right,0.4932715999893844,345.5999920000322,None,345.5999920000322,None,345.5999920000322,None,,,1,001,2021_Dec_03_1152,Behavioural experiment project,2021.2.3,143.83832576339307,
45,conscious,1,right,rightArrow.png,3.69,,,,,0,68,68,44,,,,,,,,,,,,,,,,,,,,,,,,,,,,,346.61386119999224,347.6138609999907,right,0.30580999999074265,349.8013457999914,None,349.8013457999914,346.12082010001177,349.8013457999914,346.12082010001177,,,1,001,2021_Dec_03_1152,Behavioural experiment project,2021.2.3,143.83832576339307,
48,conscious,1,right,rightArrow.png,2.28,,,,,0,69,69,47,,,,,,,,,,,,,,,,,,,,,,,,,,,,,350.6277267000405,351.6277158000157,right,0.3176145000034012,352.4054906000383,None,352.4054906000383,None,352.4054906000383,None,,,1,001,2021_Dec_03_1152,Behavioural experiment project,2021.2.3,143.83832576339307,
17,unconscious,0.015,right,rightArrow.png,3.37,,,,,0,70,70,16,,,,,,,,,,,,,,,,,,,,,,,,,,,,,353.245776100026,354.24575290002394,right,0.4083000000100583,356.11382240004605,None,356.11382240004605,None,356.11382240004605,None,,,1,001,2021_Dec_03_1152,Behavioural experiment project,2021.2.3,143.83832576339307,
6,unconscious,0.015,right,rightArrow.png,3.59,,,,,0,71,71,5,,,,,,,,,,,,,,,,,,,,,,,,,,,,,357.04434870003024,358.04435080004623,left,0.3525704000494443,360.13462399999844,None,360.13462399999844,None,360.13462399999844,None,,,1,001,2021_Dec_03_1152,Behavioural experiment project,2021.2.3,143.83832576339307,
7,unconscious,0.015,right,rightArrow.png,2.71,,,,,0,72,72,6,,,,,,,,,,,,,,,,,,,,,,,,,,,,,361.0095995000447,362.0095943000051,left,0.3461482999846339,363.2179197000223,None,363.2179197000223,None,363.2179197000223,None,,,1,001,2021_Dec_03_1152,Behavioural experiment project,2021.2.3,143.83832576339307,
41,conscious,1,right,rightArrow.png,3.65,,,,,0,73,73,40,,,,,,,,,,,,,,,,,,,,,,,,,,,,,364.0859696000116,365.0859554000199,right,0.30035969999153167,367.23871190001955,None,367.23871190001955,None,367.23871190001955,None,,,1,001,2021_Dec_03_1152,Behavioural experiment project,2021.2.3,143.83832576339307,
57,conscious,1,right,rightArrow.png,3.48,,,,,0,74,74,56,,,,,,,,,,,,,,,,,,,,,,,,,,,,,368.06511170003796,369.0650969000417,right,0.2639393000281416,371.0442487000255,None,371.0442487000255,None,371.0442487000255,None,,,1,001,2021_Dec_03_1152,Behavioural experiment project,2021.2.3,143.83832576339307,
40,unconscious,0.015,left,leftArrow.png,3.09,,,,,0,75,75,39,,,,,,,,,,,,,,,,,,,,,,,,,,,,,371.82896760001313,372.82899240002735,right,0.42704779998166487,374.4192396000144,None,374.4192396000144,None,374.4192396000144,None,,,1,001,2021_Dec_03_1152,Behavioural experiment project,2021.2.3,143.83832576339307,
53,conscious,1,right,rightArrow.png,2.5,,,,,0,76,76,52,,,,,,,,,,,,,,,,,,,,,,,,,,,,,375.37059760000557,376.3706006000284,right,0.36751559999538586,377.3706191999954,None,377.3706191999954,None,377.3706191999954,None,,,1,001,2021_Dec_03_1152,Behavioural experiment project,2021.2.3,143.83832576339307,
2,unconscious,0.015,right,rightArrow.png,2.32,,,,,0,77,77,1,,,,,,,,,,,,,,,,,,,,,,,,,,,,,378.2594798000064,379.2594666000223,left,0.3353015999891795,380.0789111000486,None,380.0789111000486,None,380.0789111000486,None,,,1,001,2021_Dec_03_1152,Behavioural experiment project,2021.2.3,143.83832576339307,
14,unconscious,0.015,right,rightArrow.png,2.76,,,,,0,78,78,13,,,,,,,,,,,,,,,,,,,,,,,,,,,,,380.94002070004353,381.9400052000419,left,0.27016490005189553,383.19694230001187,None,383.19694230001187,None,383.19694230001187,None,,,1,001,2021_Dec_03_1152,Behavioural experiment project,2021.2.3,143.83832576339307,
33,unconscious,0.015,left,leftArrow.png,2.68,,,,,0,79,79,32,,,,,,,,,,,,,,,,,,,,,,,,,,,,,383.98860350000905,384.98859550000634,left,0.48998369998298585,386.16913600004045,None,386.16913600004045,None,386.16913600004045,None,,,1,001,2021_Dec_03_1152,Behavioural experiment project,2021.2.3,143.83832576339307,
,,,,,,,,,,,,,,,,,,,,,,,,,,,,,,,,,,,,,,,,,,,,,,,,,,,,386.6760819000192,None,,,,,,,
