﻿trial,state,opacityLevel,direction,imagefile,onsetTime,trials.thisRepN,trials.thisTrialN,trials.thisN,trials.thisIndex,trials2.thisRepN,trials2.thisTrialN,trials2.thisN,trials2.thisIndex,instructions.started,instructions.stopped,key_resp_2.keys,key_resp_2.rt,key_resp_2.started,key_resp_2.stopped,text.started,text.stopped,key_resp_4.keys,key_resp_4.rt,key_resp_4.started,key_resp_4.stopped,fixation.started,fixation.stopped,key_resp_5.keys,key_resp_5.started,key_resp_5.stopped,arrowPractice.started,arrowPractice.stopped,circlePractice.started,circlePractice.stopped,key_resp_5.rt,text_3.started,text_3.stopped,key_resp_6.keys,key_resp_6.rt,key_resp_6.started,key_resp_6.stopped,fixation_point.started,fixation_point.stopped,key_resp.keys,key_resp.rt,key_resp.started,key_resp.stopped,arrowExperiment.started,arrowExperiment.stopped,circleExperiment.started,circleExperiment.stopped,text_2.started,text_2.stopped,participant,session,date,expName,psychopyVersion,frameRate,
,,,,,,,,,,,,,,8.151505800022278,None,right,16.08097780001117,8.151505800022278,None,,,,,,,,,,,,,,,,,,,,,,,,,,,,,,,,,,,2,001,2021_Dec_03_1159,Behavioural experiment project,2021.2.3,143.96402054639643,
,,,,,,,,,,,,,,,,,,,,24.246788599994034,None,right,64.29380689997924,24.246788599994034,None,,,,,,,,,,,,,,,,,,,,,,,,,,,,,2,001,2021_Dec_03_1159,Behavioural experiment project,2021.2.3,143.96402054639643,
3,unconscious,0.015,right,rightArrow.png,2.97,0,0,0,2,,,,,,,,,,,,,,,,,89.1074335000012,90.10743249999359,None,90.85742230003234,None,90.85742230003234,91.35742210003082,90.85742230003234,91.35742210003082,,,,,,,,,,,,,,,,,,,,2,001,2021_Dec_03_1159,Behavioural experiment project,2021.2.3,143.96402054639643,
9,conscious,1,right,rightArrow.png,2.34,0,1,1,8,,,,,,,,,,,,,,,,,92.32269729999825,93.32268119999208,right,94.07267750002211,None,94.07267750002211,None,94.07267750002211,None,0.48289139999542385,,,,,,,,,,,,,,,,,,,2,001,2021_Dec_03_1159,Behavioural experiment project,2021.2.3,143.96402054639643,
7,conscious,1,right,rightArrow.png,3.65,0,2,2,6,,,,,,,,,,,,,,,,,95.07962360000238,96.07960810000077,right,96.82958459999645,None,96.82958459999645,None,96.82958459999645,None,0.35191230004420504,,,,,,,,,,,,,,,,,,,2,001,2021_Dec_03_1159,Behavioural experiment project,2021.2.3,143.96402054639643,
1,unconscious,0.015,right,rightArrow.png,2.6,0,3,3,0,,,,,,,,,,,,,,,,,97.70460290001938,98.70459229999688,left,99.45460659998935,None,99.45460659998935,None,99.45460659998935,None,0.42295049998210743,,,,,,,,,,,,,,,,,,,2,001,2021_Dec_03_1159,Behavioural experiment project,2021.2.3,143.96402054639643,
8,conscious,1,right,rightArrow.png,2.65,0,4,4,7,,,,,,,,,,,,,,,,,100.39902399998391,101.39901619998273,right,102.14901079999981,None,102.14901079999981,None,102.14901079999981,None,0.32451949996175244,,,,,,,,,,,,,,,,,,,2,001,2021_Dec_03_1159,Behavioural experiment project,2021.2.3,143.96402054639643,
2,unconscious,0.015,right,rightArrow.png,3.59,0,5,5,1,,,,,,,,,,,,,,,,,102.99623570003314,103.99621090001892,right,104.7462155999965,None,104.7462155999965,None,104.7462155999965,None,0.22338759998092428,,,,,,,,,,,,,,,,,,,2,001,2021_Dec_03_1159,Behavioural experiment project,2021.2.3,143.96402054639643,
5,unconscious,0.015,left,leftArrow.png,3.69,0,6,6,4,,,,,,,,,,,,,,,,,105.49623659998178,106.49620090000099,left,107.24619690002874,None,107.24619690002874,None,107.24619690002874,None,0.4503283000085503,,,,,,,,,,,,,,,,,,,2,001,2021_Dec_03_1159,Behavioural experiment project,2021.2.3,143.96402054639643,
10,conscious,1,left,leftArrow.png,3.67,0,7,7,9,,,,,,,,,,,,,,,,,108.21840340003837,109.21840419998625,left,109.96840599999996,None,109.96840599999996,None,109.96840599999996,None,0.3491275000269525,,,,,,,,,,,,,,,,,,,2,001,2021_Dec_03_1159,Behavioural experiment project,2021.2.3,143.96402054639643,
12,conscious,1,left,leftArrow.png,2.76,0,8,8,11,,,,,,,,,,,,,,,,,110.84339749999344,111.84338480001315,left,112.59338069998194,None,112.59338069998194,None,112.59338069998194,None,0.2900651000090875,,,,,,,,,,,,,,,,,,,2,001,2021_Dec_03_1159,Behavioural experiment project,2021.2.3,143.96402054639643,
4,unconscious,0.015,left,leftArrow.png,3.59,0,9,9,3,,,,,,,,,,,,,,,,,113.40587700001197,114.40587570000207,left,115.15586160001112,None,115.15586160001112,None,115.15586160001112,None,0.35971230000723153,,,,,,,,,,,,,,,,,,,2,001,2021_Dec_03_1159,Behavioural experiment project,2021.2.3,143.96402054639643,
11,conscious,1,left,leftArrow.png,3.16,0,10,10,10,,,,,,,,,,,,,,,,,116.03779929998564,117.03779269999359,left,117.78776969999308,None,117.78776969999308,None,117.78776969999308,None,0.3238095000269823,,,,,,,,,,,,,,,,,,,2,001,2021_Dec_03_1159,Behavioural experiment project,2021.2.3,143.96402054639643,
6,unconscious,0.015,left,leftArrow.png,3.55,0,11,11,5,,,,,,,,,,,,,,,,,118.63500589999603,119.6349959000363,right,120.38499440002488,None,120.38499440002488,None,120.38499440002488,None,0.26251119998050854,,,,,,,,,,,,,,,,,,,2,001,2021_Dec_03_1159,Behavioural experiment project,2021.2.3,143.96402054639643,
,,,,,,,,,,,,,,,,,,,,,,,,,,,,,,,,,,,,120.66278459999012,None,right,2.7157361999852583,120.66278459999012,None,,,,,,,,,,,,,2,001,2021_Dec_03_1159,Behavioural experiment project,2021.2.3,143.96402054639643,
51,conscious,1,right,rightArrow.png,2.34,,,,,0,0,0,50,,,,,,,,,,,,,,,,,,,,,,,,,,,,,123.9474676999962,124.94745490001515,right,0.23775720002595335,125.78772439999739,None,125.78772439999739,None,125.78772439999739,None,,,2,001,2021_Dec_03_1159,Behavioural experiment project,2021.2.3,143.96402054639643,
21,unconscious,0.015,left,leftArrow.png,3.59,,,,,0,1,1,20,,,,,,,,,,,,,,,,,,,,,,,,,,,,,126.55161359999329,127.55162220000057,left,0.4476607999531552,129.6418827000307,None,129.6418827000307,None,129.6418827000307,None,,,2,001,2021_Dec_03_1159,Behavioural experiment project,2021.2.3,143.96402054639643,
33,unconscious,0.015,left,leftArrow.png,2.68,,,,,0,2,2,32,,,,,,,,,,,,,,,,,,,,,,,,,,,,,130.614092600008,131.6140639000223,left,0.4530095999944024,132.79463120002765,None,132.79463120002765,None,132.79463120002765,None,,,2,001,2021_Dec_03_1159,Behavioural experiment project,2021.2.3,143.96402054639643,
1,unconscious,0.015,right,rightArrow.png,2.59,,,,,0,3,3,0,,,,,,,,,,,,,,,,,,,,,,,,,,,,,133.76683889998822,134.76683030003915,left,0.32754840003326535,135.85711240000091,None,135.85711240000091,None,135.85711240000091,None,,,2,001,2021_Dec_03_1159,Behavioural experiment project,2021.2.3,143.96402054639643,
7,unconscious,0.015,right,rightArrow.png,2.71,,,,,0,4,4,6,,,,,,,,,,,,,,,,,,,,,,,,,,,,,136.70432180003263,137.7043188000098,left,0.5040035000420175,138.9126418000087,None,138.9126418000087,139.4126311999862,138.9126418000087,139.4126311999862,,,2,001,2021_Dec_03_1159,Behavioural experiment project,2021.2.3,143.96402054639643,
25,unconscious,0.015,left,leftArrow.png,3.58,,,,,0,5,5,24,,,,,,,,,,,,,,,,,,,,,,,,,,,,,139.9404314000276,140.9404236000264,left,0.4480280000134371,143.0237177000381,None,143.0237177000381,None,143.0237177000381,None,,,2,001,2021_Dec_03_1159,Behavioural experiment project,2021.2.3,143.96402054639643,
73,conscious,1,left,leftArrow.png,2.68,,,,,0,6,6,72,,,,,,,,,,,,,,,,,,,,,,,,,,,,,143.99593139998615,144.99592329998268,left,0.3570418999879621,146.17647210002178,None,146.17647210002178,None,146.17647210002178,None,,,2,001,2021_Dec_03_1159,Behavioural experiment project,2021.2.3,143.96402054639643,
18,unconscious,0.015,right,rightArrow.png,3.13,,,,,0,7,7,17,,,,,,,,,,,,,,,,,,,,,,,,,,,,,147.05841260001762,148.0584019999951,left,0.33227910002460703,149.69031670002732,None,149.69031670002732,None,149.69031670002732,None,,,2,001,2021_Dec_03_1159,Behavioural experiment project,2021.2.3,143.96402054639643,
50,conscious,1,right,rightArrow.png,2.77,,,,,0,8,8,49,,,,,,,,,,,,,,,,,,,,,,,,,,,,,150.5444945000345,151.54448260000208,right,0.3144839000306092,152.81533660000423,None,152.81533660000423,None,152.81533660000423,None,,,2,001,2021_Dec_03_1159,Behavioural experiment project,2021.2.3,143.96402054639643,
62,conscious,1,left,leftArrow.png,3.67,,,,,0,9,9,61,,,,,,,,,,,,,,,,,,,,,,,,,,,,,153.65558650001185,154.65557719999924,left,0.3853675000136718,156.82917759998236,None,156.82917759998236,None,156.82917759998236,None,,,2,001,2021_Dec_03_1159,Behavioural experiment project,2021.2.3,143.96402054639643,
72,conscious,1,left,leftArrow.png,3.16,,,,,0,10,10,71,,,,,,,,,,,,,,,,,,,,,,,,,,,,,157.738898599986,158.73888120002812,left,0.3490577999618836,160.39860170002794,None,160.39860170002794,None,160.39860170002794,None,,,2,001,2021_Dec_03_1159,Behavioural experiment project,2021.2.3,143.96402054639643,
15,unconscious,0.015,right,rightArrow.png,3.45,,,,,0,11,11,14,,,,,,,,,,,,,,,,,,,,,,,,,,,,,161.2736292000045,162.27357389999088,right,0.3365715999971144,164.22496449999744,None,164.22496449999744,None,164.22496449999744,None,,,2,001,2021_Dec_03_1159,Behavioural experiment project,2021.2.3,143.96402054639643,
3,unconscious,0.015,right,rightArrow.png,2.6,,,,,0,12,12,2,,,,,,,,,,,,,,,,,,,,,,,,,,,,,165.0860595999984,166.08604550000746,right,0.43127760000061244,167.18326399999205,None,167.18326399999205,None,167.18326399999205,None,,,2,001,2021_Dec_03_1159,Behavioural experiment project,2021.2.3,143.96402054639643,
52,conscious,1,right,rightArrow.png,2.29,,,,,0,13,13,51,,,,,,,,,,,,,,,,,,,,,,,,,,,,,168.1346482000081,169.13463640003465,right,0.4292458000127226,169.92629830003716,None,169.92629830003716,None,169.92629830003716,None,,,2,001,2021_Dec_03_1159,Behavioural experiment project,2021.2.3,143.96402054639643,
27,unconscious,0.015,left,leftArrow.png,2.59,,,,,0,14,14,26,,,,,,,,,,,,,,,,,,,,,,,,,,,,,170.87768279999727,171.87768370000413,right,0.29457760002696887,172.96794240002055,None,172.96794240002055,None,172.96794240002055,None,,,2,001,2021_Dec_03_1159,Behavioural experiment project,2021.2.3,143.96402054639643,
80,conscious,1,left,leftArrow.png,2.66,,,,,0,15,15,79,,,,,,,,,,,,,,,,,,,,,,,,,,,,,173.78739880002104,174.78739389998373,left,0.4234717999934219,175.94708950002678,None,175.94708950002678,None,175.94708950002678,None,,,2,001,2021_Dec_03_1159,Behavioural experiment project,2021.2.3,143.96402054639643,
24,unconscious,0.015,left,leftArrow.png,3.69,,,,,0,16,16,23,,,,,,,,,,,,,,,,,,,,,,,,,,,,,176.8915370000177,177.89151919999858,left,0.5965518999728374,180.07902190001914,None,180.07902190001914,180.5789995000232,180.07902190001914,180.5789995000232,,,2,001,2021_Dec_03_1159,Behavioural experiment project,2021.2.3,143.96402054639643,
69,conscious,1,left,leftArrow.png,3.27,,,,,0,17,17,68,,,,,,,,,,,,,,,,,,,,,,,,,,,,,181.19706470001256,182.1970444000326,left,0.3466926999972202,183.96786780003458,None,183.96786780003458,None,183.96786780003458,None,,,2,001,2021_Dec_03_1159,Behavioural experiment project,2021.2.3,143.96402054639643,
29,unconscious,0.015,left,leftArrow.png,3.71,,,,,0,18,18,28,,,,,,,,,,,,,,,,,,,,,,,,,,,,,184.8359221999999,185.8359101000242,right,0.4073913000174798,188.05117240000982,None,188.05117240000982,None,188.05117240000982,None,,,2,001,2021_Dec_03_1159,Behavioural experiment project,2021.2.3,143.96402054639643,
54,conscious,1,right,rightArrow.png,2.5,,,,,0,19,19,53,,,,,,,,,,,,,,,,,,,,,,,,,,,,,188.98171239998192,189.9817059999914,right,0.3538305999827571,190.98170250002295,None,190.98170250002295,None,190.98170250002295,None,,,2,001,2021_Dec_03_1159,Behavioural experiment project,2021.2.3,143.96402054639643,
8,unconscious,0.015,right,rightArrow.png,2.57,,,,,0,20,20,7,,,,,,,,,,,,,,,,,,,,,,,,,,,,,191.856686300016,192.8567042000359,right,0.35141520004253834,193.92613320000237,None,193.92613320000237,None,193.92613320000237,None,,,2,001,2021_Dec_03_1159,Behavioural experiment project,2021.2.3,143.96402054639643,
30,unconscious,0.015,left,leftArrow.png,2.42,,,,,0,21,21,29,,,,,,,,,,,,,,,,,,,,,,,,,,,,,194.80111559998477,195.80112650000956,left,0.47980099997948855,196.72472240001662,None,196.72472240001662,None,196.72472240001662,None,,,2,001,2021_Dec_03_1159,Behavioural experiment project,2021.2.3,143.96402054639643,
46,conscious,1,right,rightArrow.png,2.65,,,,,0,22,22,45,,,,,,,,,,,,,,,,,,,,,,,,,,,,,197.72470990003785,198.72468029998709,right,0.3110224999836646,199.87054570001783,None,199.87054570001783,None,199.87054570001783,None,,,2,001,2021_Dec_03_1159,Behavioural experiment project,2021.2.3,143.96402054639643,
19,unconscious,0.015,right,rightArrow.png,3.25,,,,,0,23,23,18,,,,,,,,,,,,,,,,,,,,,,,,,,,,,200.70385630003875,201.70384959998773,left,0.2668485000031069,203.4538471000269,None,203.4538471000269,None,203.4538471000269,None,,,2,001,2021_Dec_03_1159,Behavioural experiment project,2021.2.3,143.96402054639643,
56,conscious,1,right,rightArrow.png,2.26,,,,,0,24,24,55,,,,,,,,,,,,,,,,,,,,,,,,,,,,,204.24549780000234,205.24548720003804,right,0.3992669000290334,206.00242700002855,None,206.00242700002855,None,206.00242700002855,None,,,2,001,2021_Dec_03_1159,Behavioural experiment project,2021.2.3,143.96402054639643,
43,conscious,1,right,rightArrow.png,3.62,,,,,0,25,25,42,,,,,,,,,,,,,,,,,,,,,,,,,,,,,206.92603339999914,207.9260149000329,right,0.3675099000101909,210.04408600000897,None,210.04408600000897,None,210.04408600000897,None,,,2,001,2021_Dec_03_1159,Behavioural experiment project,2021.2.3,143.96402054639643,
14,unconscious,0.015,right,rightArrow.png,2.76,,,,,0,26,26,13,,,,,,,,,,,,,,,,,,,,,,,,,,,,,210.93293210002594,211.932930400013,left,0.3087425999692641,213.18987619999098,None,213.18987619999098,None,213.18987619999098,None,,,2,001,2021_Dec_03_1159,Behavioural experiment project,2021.2.3,143.96402054639643,
42,conscious,1,right,rightArrow.png,3.43,,,,,0,27,27,41,,,,,,,,,,,,,,,,,,,,,,,,,,,,,214.02318830002332,215.02320170000894,None,,216.95373810001183,None,216.95373810001183,217.45373340003425,216.95373810001183,217.45373340003425,,,2,001,2021_Dec_03_1159,Behavioural experiment project,2021.2.3,143.96402054639643,
77,conscious,1,left,leftArrow.png,2.44,,,,,0,28,28,76,,,,,,,,,,,,,,,,,,,,,,,,,,,,,218.46067350002704,219.46066179999616,right,0.2404489999753423,220.40510319999885,217.97456480003893,220.40510319999885,None,220.40510319999885,None,,,2,001,2021_Dec_03_1159,Behavioural experiment project,2021.2.3,143.96402054639643,
74,conscious,1,left,leftArrow.png,2.73,,,,,0,29,29,73,,,,,,,,,,,,,,,,,,,,,,,,,,,,,221.16898539999966,222.16898519999813,left,0.35546529997373,223.39813380001578,None,223.39813380001578,None,223.39813380001578,None,,,2,001,2021_Dec_03_1159,Behavioural experiment project,2021.2.3,143.96402054639643,
71,conscious,1,left,leftArrow.png,3.25,,,,,0,30,30,70,,,,,,,,,,,,,,,,,,,,,,,,,,,,,224.27313330001198,225.27312189998338,left,0.36349740001605824,227.0231102000107,None,227.0231102000107,None,227.0231102000107,None,,,2,001,2021_Dec_03_1159,Behavioural experiment project,2021.2.3,143.96402054639643,
37,unconscious,0.015,left,leftArrow.png,2.7,,,,,0,31,31,36,,,,,,,,,,,,,,,,,,,,,,,,,,,,,227.91199079999933,228.9119857000187,left,0.35623440000927076,230.11336600000504,None,230.11336600000504,None,230.11336600000504,None,,,2,001,2021_Dec_03_1159,Behavioural experiment project,2021.2.3,143.96402054639643,
49,conscious,1,right,rightArrow.png,3.22,,,,,0,32,32,48,,,,,,,,,,,,,,,,,,,,,,,,,,,,,230.99530499998946,231.99529749999056,right,0.35515770001802593,233.71752479998395,None,233.71752479998395,None,233.71752479998395,None,,,2,001,2021_Dec_03_1159,Behavioural experiment project,2021.2.3,143.96402054639643,
13,unconscious,0.015,right,rightArrow.png,2.27,,,,,0,33,33,12,,,,,,,,,,,,,,,,,,,,,,,,,,,,,234.5925009000348,235.59249990002718,left,0.4963121000328101,236.36332000000402,None,236.36332000000402,236.863317499985,236.36332000000402,236.863317499985,,,2,001,2021_Dec_03_1159,Behavioural experiment project,2021.2.3,143.96402054639643,
31,unconscious,0.015,left,leftArrow.png,3.01,,,,,0,34,34,30,,,,,,,,,,,,,,,,,,,,,,,,,,,,,237.38415390002774,238.3841442000121,right,0.45458309998502955,239.89801780000562,None,239.89801780000562,None,239.89801780000562,None,,,2,001,2021_Dec_03_1159,Behavioural experiment project,2021.2.3,143.96402054639643,
39,unconscious,0.015,left,leftArrow.png,2.58,,,,,0,35,35,38,,,,,,,,,,,,,,,,,,,,,,,,,,,,,240.8771811000188,241.87716820003698,right,0.43606999999610707,242.95353699999396,None,242.95353699999396,None,242.95353699999396,None,,,2,001,2021_Dec_03_1159,Behavioural experiment project,2021.2.3,143.96402054639643,
2,unconscious,0.015,right,rightArrow.png,2.32,,,,,0,36,36,1,,,,,,,,,,,,,,,,,,,,,,,,,,,,,243.91192420001607,244.91187800001353,right,0.39038320002146065,245.73131080000894,None,245.73131080000894,None,245.73131080000894,None,,,2,001,2021_Dec_03_1159,Behavioural experiment project,2021.2.3,143.96402054639643,
17,unconscious,0.015,right,rightArrow.png,3.37,,,,,0,37,37,16,,,,,,,,,,,,,,,,,,,,,,,,,,,,,246.6479699999909,247.64798260002863,right,0.5077242000261322,249.52295559999766,None,249.52295559999766,250.02292700001271,249.52295559999766,250.02292700001271,,,2,001,2021_Dec_03_1159,Behavioural experiment project,2021.2.3,143.96402054639643,
41,conscious,1,right,rightArrow.png,3.65,,,,,0,38,38,40,,,,,,,,,,,,,,,,,,,,,,,,,,,,,250.5507065000129,251.5507060000091,right,0.4021193000371568,253.70347070001299,None,253.70347070001299,None,253.70347070001299,None,,,2,001,2021_Dec_03_1159,Behavioural experiment project,2021.2.3,143.96402054639643,
67,conscious,1,left,leftArrow.png,3.4,,,,,0,39,39,66,,,,,,,,,,,,,,,,,,,,,,,,,,,,,254.62708000000566,255.6270732000121,left,0.42673179996199906,257.52289220003877,None,257.52289220003877,None,257.52289220003877,None,,,2,001,2021_Dec_03_1159,Behavioural experiment project,2021.2.3,143.96402054639643,
22,unconscious,0.015,left,leftArrow.png,2.91,,,,,0,40,40,21,,,,,,,,,,,,,,,,,,,,,,,,,,,,,258.4742702000076,259.47425999998813,right,0.4536740999901667,260.88398310000775,None,260.88398310000775,None,260.88398310000775,None,,,2,001,2021_Dec_03_1159,Behavioural experiment project,2021.2.3,143.96402054639643,
70,conscious,1,left,leftArrow.png,3.16,,,,,0,41,41,69,,,,,,,,,,,,,,,,,,,,,,,,,,,,,261.8631358999992,262.8631333000376,left,0.2729908999754116,264.52283690002514,None,264.52283690002514,None,264.52283690002514,None,,,2,001,2021_Dec_03_1159,Behavioural experiment project,2021.2.3,143.96402054639643,
32,unconscious,0.015,left,leftArrow.png,2.32,,,,,0,42,42,31,,,,,,,,,,,,,,,,,,,,,,,,,,,,,265.32144070003415,266.32142829999793,right,0.39177940000081435,267.14087330002803,None,267.14087330002803,None,267.14087330002803,None,,,2,001,2021_Dec_03_1159,Behavioural experiment project,2021.2.3,143.96402054639643,
28,unconscious,0.015,left,leftArrow.png,2.6,,,,,0,43,43,27,,,,,,,,,,,,,,,,,,,,,,,,,,,,,268.0575287999818,269.0575239000027,left,0.35495210002409294,270.1547448000056,None,270.1547448000056,None,270.1547448000056,None,,,2,001,2021_Dec_03_1159,Behavioural experiment project,2021.2.3,143.96402054639643,
59,conscious,1,right,rightArrow.png,3.2,,,,,0,44,44,58,,,,,,,,,,,,,,,,,,,,,,,,,,,,,271.02972490002867,272.0297281999956,None,,273.7311039000051,None,273.7311039000051,274.2310970000108,273.7311039000051,274.2310970000108,,,2,001,2021_Dec_03_1159,Behavioural experiment project,2021.2.3,143.96402054639643,
78,conscious,1,left,leftArrow.png,2.91,,,,,0,45,45,77,,,,,,,,,,,,,,,,,,,,,,,,,,,,,275.2380310000153,276.2380203999928,left,0.2898830000194721,277.64775669999653,274.7519566999981,277.64775669999653,None,277.64775669999653,None,,,2,001,2021_Dec_03_1159,Behavioural experiment project,2021.2.3,143.96402054639643,
58,conscious,1,right,rightArrow.png,2.78,,,,,0,46,46,57,,,,,,,,,,,,,,,,,,,,,,,,,,,,,278.4602449000231,279.4602231000317,right,0.28657379996730015,280.7380086000194,None,280.7380086000194,None,280.7380086000194,None,,,2,001,2021_Dec_03_1159,Behavioural experiment project,2021.2.3,143.96402054639643,
61,conscious,1,left,leftArrow.png,3.66,,,,,0,47,47,60,,,,,,,,,,,,,,,,,,,,,,,,,,,,,281.5504915000056,282.55050529999426,left,0.35445250000339,284.7101892000064,None,284.7101892000064,None,284.7101892000064,None,,,2,001,2021_Dec_03_1159,Behavioural experiment project,2021.2.3,143.96402054639643,
66,conscious,1,left,leftArrow.png,2.84,,,,,0,48,48,65,,,,,,,,,,,,,,,,,,,,,,,,,,,,,285.5851839000243,286.58516610000515,left,0.3362529000150971,287.9254460000084,None,287.9254460000084,None,287.9254460000084,None,,,2,001,2021_Dec_03_1159,Behavioural experiment project,2021.2.3,143.96402054639643,
23,unconscious,0.015,left,leftArrow.png,3.64,,,,,0,49,49,22,,,,,,,,,,,,,,,,,,,,,,,,,,,,,288.78654110000934,289.78654960001586,left,0.4511978999944404,291.9254248000216,None,291.9254248000216,None,291.9254248000216,None,,,2,001,2021_Dec_03_1159,Behavioural experiment project,2021.2.3,143.96402054639643,
76,conscious,1,left,leftArrow.png,3.28,,,,,0,50,50,75,,,,,,,,,,,,,,,,,,,,,,,,,,,,,292.89763090002816,293.8976260999916,left,0.2983130000066012,295.68233260000125,None,295.68233260000125,None,295.68233260000125,None,,,2,001,2021_Dec_03_1159,Behavioural experiment project,2021.2.3,143.96402054639643,
35,unconscious,0.015,left,leftArrow.png,3.55,,,,,0,51,51,34,,,,,,,,,,,,,,,,,,,,,,,,,,,,,296.50181330001215,297.5017632000381,left,0.32422099995892495,299.5504065999994,None,299.5504065999994,None,299.5504065999994,None,,,2,001,2021_Dec_03_1159,Behavioural experiment project,2021.2.3,143.96402054639643,
11,unconscious,0.015,right,rightArrow.png,2.45,,,,,0,52,52,10,,,,,,,,,,,,,,,,,,,,,,,,,,,,,300.4045781000168,301.40450370003236,left,0.39088659995468333,302.35588799999095,None,302.35588799999095,None,302.35588799999095,None,,,2,001,2021_Dec_03_1159,Behavioural experiment project,2021.2.3,143.96402054639643,
38,unconscious,0.015,left,leftArrow.png,3.39,,,,,0,53,53,37,,,,,,,,,,,,,,,,,,,,,,,,,,,,,303.27254790003644,304.2725524000125,left,0.4992651999928057,306.16143109998666,None,306.16143109998666,306.6614536999841,306.16143109998666,306.6614536999841,,,2,001,2021_Dec_03_1159,Behavioural experiment project,2021.2.3,143.96402054639643,
64,conscious,1,left,leftArrow.png,2.58,,,,,0,54,54,63,,,,,,,,,,,,,,,,,,,,,,,,,,,,,307.182245300035,308.1822368000285,left,0.3839193999883719,309.2586229000008,None,309.2586229000008,None,309.2586229000008,None,,,2,001,2021_Dec_03_1159,Behavioural experiment project,2021.2.3,143.96402054639643,
68,conscious,1,left,leftArrow.png,2.97,,,,,0,55,55,67,,,,,,,,,,,,,,,,,,,,,,,,,,,,,310.1683359000017,311.16832769999746,left,0.4001716999919154,312.64053959999,None,312.64053959999,None,312.64053959999,None,,,2,001,2021_Dec_03_1159,Behavioural experiment project,2021.2.3,143.96402054639643,
6,unconscious,0.015,right,rightArrow.png,3.59,,,,,0,56,56,5,,,,,,,,,,,,,,,,,,,,,,,,,,,,,313.56415180000477,314.564133100037,right,0.4962581999716349,316.65441910002846,None,316.65441910002846,317.1544118000311,316.65441910002846,317.1544118000311,,,2,001,2021_Dec_03_1159,Behavioural experiment project,2021.2.3,143.96402054639643,
63,conscious,1,left,leftArrow.png,2.65,,,,,0,57,57,62,,,,,,,,,,,,,,,,,,,,,,,,,,,,,317.6752172000124,318.675220300036,left,0.3446580999880098,319.82797759998357,None,319.82797759998357,None,319.82797759998357,None,,,2,001,2021_Dec_03_1159,Behavioural experiment project,2021.2.3,143.96402054639643,
75,conscious,1,left,leftArrow.png,2.76,,,,,0,58,58,74,,,,,,,,,,,,,,,,,,,,,,,,,,,,,320.69603029999416,321.69602700002724,left,0.3977615999756381,322.95296730002156,None,322.95296730002156,None,322.95296730002156,None,,,2,001,2021_Dec_03_1159,Behavioural experiment project,2021.2.3,143.96402054639643,
60,conscious,1,right,rightArrow.png,3.21,,,,,0,59,59,59,,,,,,,,,,,,,,,,,,,,,,,,,,,,,323.87662260001525,324.87656260002404,right,0.3488929000450298,326.5848970999941,None,326.5848970999941,None,326.5848970999941,None,,,2,001,2021_Dec_03_1159,Behavioural experiment project,2021.2.3,143.96402054639643,
57,conscious,1,right,rightArrow.png,3.48,,,,,0,60,60,56,,,,,,,,,,,,,,,,,,,,,,,,,,,,,327.45987560000503,328.4598612000118,right,0.31465499999467283,330.43901730002835,None,330.43901730002835,None,330.43901730002835,None,,,2,001,2021_Dec_03_1159,Behavioural experiment project,2021.2.3,143.96402054639643,
48,conscious,1,right,rightArrow.png,2.28,,,,,0,61,61,47,,,,,,,,,,,,,,,,,,,,,,,,,,,,,331.2792865000083,332.2792901000357,right,0.3507264999789186,333.0640016000252,None,333.0640016000252,None,333.0640016000252,None,,,2,001,2021_Dec_03_1159,Behavioural experiment project,2021.2.3,143.96402054639643,
44,conscious,1,right,rightArrow.png,2.5,,,,,0,62,62,43,,,,,,,,,,,,,,,,,,,,,,,,,,,,,333.93899059999967,334.93898680002894,right,0.3426443000207655,335.93898520001676,None,335.93898520001676,None,335.93898520001676,None,,,2,001,2021_Dec_03_1159,Behavioural experiment project,2021.2.3,143.96402054639643,
20,unconscious,0.015,right,rightArrow.png,2.9,,,,,0,63,63,19,,,,,,,,,,,,,,,,,,,,,,,,,,,,,336.8070421000011,337.80702780000865,left,0.4800536999828182,339.20979090000037,None,339.20979090000037,None,339.20979090000037,None,,,2,001,2021_Dec_03_1159,Behavioural experiment project,2021.2.3,143.96402054639643,
55,conscious,1,right,rightArrow.png,2.64,,,,,0,64,64,54,,,,,,,,,,,,,,,,,,,,,,,,,,,,,340.2097830999992,341.2097734999843,right,0.2979403999634087,342.34866359998705,None,342.34866359998705,None,342.34866359998705,None,,,2,001,2021_Dec_03_1159,Behavioural experiment project,2021.2.3,143.96402054639643,
45,conscious,1,right,rightArrow.png,3.69,,,,,0,65,65,44,,,,,,,,,,,,,,,,,,,,,,,,,,,,,343.16810140002053,344.1680857000174,right,0.3811029000207782,346.3555997000076,None,346.3555997000076,None,346.3555997000076,None,,,2,001,2021_Dec_03_1159,Behavioural experiment project,2021.2.3,143.96402054639643,
36,unconscious,0.015,left,leftArrow.png,2.4,,,,,0,66,66,35,,,,,,,,,,,,,,,,,,,,,,,,,,,,,347.2583445000346,348.2583512000274,left,0.5026383000076748,349.16110820003087,None,349.16110820003087,349.6611029999913,349.16110820003087,349.6611029999913,,,2,001,2021_Dec_03_1159,Behavioural experiment project,2021.2.3,143.96402054639643,
79,conscious,1,left,leftArrow.png,2.54,,,,,0,67,67,78,,,,,,,,,,,,,,,,,,,,,,,,,,,,,350.1888751999941,351.18886029999703,left,0.33519949996843934,352.2305282999878,None,352.2305282999878,None,352.2305282999878,None,,,2,001,2021_Dec_03_1159,Behavioural experiment project,2021.2.3,143.96402054639643,
26,unconscious,0.015,left,leftArrow.png,2.58,,,,,0,68,68,25,,,,,,,,,,,,,,,,,,,,,,,,,,,,,353.0916355000227,354.09162369999103,right,0.3978454999742098,355.1749577000155,None,355.1749577000155,None,355.1749577000155,None,,,2,001,2021_Dec_03_1159,Behavioural experiment project,2021.2.3,143.96402054639643,
53,conscious,1,right,rightArrow.png,2.5,,,,,0,69,69,52,,,,,,,,,,,,,,,,,,,,,,,,,,,,,356.09855779999634,357.0985581999994,right,0.39606639998964965,358.09854020003695,None,358.09854020003695,None,358.09854020003695,None,,,2,001,2021_Dec_03_1159,Behavioural experiment project,2021.2.3,143.96402054639643,
16,unconscious,0.015,right,rightArrow.png,2.87,,,,,0,70,70,15,,,,,,,,,,,,,,,,,,,,,,,,,,,,,359.0221503000357,360.0221850000089,right,0.34641500003635883,361.39018789998954,None,361.39018789998954,None,361.39018789998954,None,,,2,001,2021_Dec_03_1159,Behavioural experiment project,2021.2.3,143.96402054639643,
40,unconscious,0.015,left,leftArrow.png,3.09,,,,,0,71,71,39,,,,,,,,,,,,,,,,,,,,,,,,,,,,,362.2582304000389,363.25821390002966,right,0.48728010000195354,364.84849160001613,None,364.84849160001613,None,364.84849160001613,None,,,2,001,2021_Dec_03_1159,Behavioural experiment project,2021.2.3,143.96402054639643,
9,unconscious,0.015,right,rightArrow.png,2.97,,,,,0,72,72,8,,,,,,,,,,,,,,,,,,,,,,,,,,,,,365.85542069998337,366.85542069998337,right,0.35106529999757186,368.3276171000325,None,368.3276171000325,None,368.3276171000325,None,,,2,001,2021_Dec_03_1159,Behavioural experiment project,2021.2.3,143.96402054639643,
12,unconscious,0.015,right,rightArrow.png,3.07,,,,,0,73,73,11,,,,,,,,,,,,,,,,,,,,,,,,,,,,,369.20262350002304,370.2026276999968,right,0.30460629996377975,371.77206380001735,None,371.77206380001735,None,371.77206380001735,None,,,2,001,2021_Dec_03_1159,Behavioural experiment project,2021.2.3,143.96402054639643,
47,conscious,1,right,rightArrow.png,2.26,,,,,0,74,74,46,,,,,,,,,,,,,,,,,,,,,,,,,,,,,372.59843620000174,373.5984162000241,right,0.4933041000040248,374.3553627000074,None,374.3553627000074,None,374.3553627000074,None,,,2,001,2021_Dec_03_1159,Behavioural experiment project,2021.2.3,143.96402054639643,
34,unconscious,0.015,left,leftArrow.png,2.88,,,,,0,75,75,33,,,,,,,,,,,,,,,,,,,,,,,,,,,,,375.36925310001243,376.3692344999872,right,0.3954746999661438,377.7511671000393,None,377.7511671000393,374.87620420003077,377.7511671000393,374.87620420003077,,,2,001,2021_Dec_03_1159,Behavioural experiment project,2021.2.3,143.96402054639643,
4,unconscious,0.015,right,rightArrow.png,3.26,,,,,0,76,76,3,,,,,,,,,,,,,,,,,,,,,,,,,,,,,378.66783620003844,379.6678308999981,left,0.3179869999876246,381.4317020000308,None,381.4317020000308,None,381.4317020000308,None,,,2,001,2021_Dec_03_1159,Behavioural experiment project,2021.2.3,143.96402054639643,
65,conscious,1,left,leftArrow.png,3.04,,,,,0,77,77,64,,,,,,,,,,,,,,,,,,,,,,,,,,,,,382.27196650003316,383.27196879999246,left,0.34401090000756085,384.81362870003795,None,384.81362870003795,None,384.81362870003795,None,,,2,001,2021_Dec_03_1159,Behavioural experiment project,2021.2.3,143.96402054639643,
5,unconscious,0.015,right,rightArrow.png,2.29,,,,,0,78,78,4,,,,,,,,,,,,,,,,,,,,,,,,,,,,,385.68167160003213,386.6816644000355,left,0.4764602000359446,387.47333710000385,None,387.47333710000385,None,387.47333710000385,None,,,2,001,2021_Dec_03_1159,Behavioural experiment project,2021.2.3,143.96402054639643,
10,unconscious,0.015,right,rightArrow.png,3.29,,,,,0,79,79,9,,,,,,,,,,,,,,,,,,,,,,,,,,,,,388.47330300003523,389.4733042999869,right,0.33367820002604276,391.26496360002784,None,391.26496360002784,None,391.26496360002784,None,,,2,001,2021_Dec_03_1159,Behavioural experiment project,2021.2.3,143.96402054639643,
,,,,,,,,,,,,,,,,,,,,,,,,,,,,,,,,,,,,,,,,,,,,,,,,,,,,391.6121762000257,None,,,,,,,
