﻿trial,state,opacityLevel,direction,imagefile,onsetTime,trials.thisRepN,trials.thisTrialN,trials.thisN,trials.thisIndex,trials2.thisRepN,trials2.thisTrialN,trials2.thisN,trials2.thisIndex,instructions.started,instructions.stopped,key_resp_2.keys,key_resp_2.rt,key_resp_2.started,key_resp_2.stopped,text.started,text.stopped,key_resp_4.keys,key_resp_4.rt,key_resp_4.started,key_resp_4.stopped,fixation.started,fixation.stopped,key_resp_5.keys,key_resp_5.rt,key_resp_5.started,key_resp_5.stopped,arrowPractice.started,arrowPractice.stopped,circlePractice.started,circlePractice.stopped,text_3.started,text_3.stopped,key_resp_6.keys,key_resp_6.rt,key_resp_6.started,key_resp_6.stopped,fixation_point.started,fixation_point.stopped,key_resp.keys,key_resp.rt,key_resp.started,key_resp.stopped,arrowExperiment.started,arrowExperiment.stopped,circleExperiment.started,circleExperiment.stopped,text_2.started,text_2.stopped,participant,session,date,expName,psychopyVersion,frameRate,
,,,,,,,,,,,,,,10.206428700010292,None,right,29.161120100005064,10.206428700010292,None,,,,,,,,,,,,,,,,,,,,,,,,,,,,,,,,,,,3,001,2021_Dec_03_1206,Behavioural experiment project,2021.2.3,143.75871540919732,
,,,,,,,,,,,,,,,,,,,,39.38318290002644,None,right,42.97135760000674,39.38318290002644,None,,,,,,,,,,,,,,,,,,,,,,,,,,,,,3,001,2021_Dec_03_1206,Behavioural experiment project,2021.2.3,143.75871540919732,
2,unconscious,0.015,right,rightArrow.png,3.59,0,0,0,1,,,,,,,,,,,,,,,,,82.91757009999128,83.91757380001945,right,0.19298330001765862,84.66757180000423,None,84.66757180000423,None,84.66757180000423,None,,,,,,,,,,,,,,,,,,,3,001,2021_Dec_03_1206,Behavioural experiment project,2021.2.3,143.75871540919732,
11,conscious,1,left,leftArrow.png,3.16,0,1,1,10,,,,,,,,,,,,,,,,,85.38979360001395,86.38977240002714,None,,87.13977519999025,None,87.13977519999025,87.6397680999944,87.13977519999025,87.6397680999944,,,,,,,,,,,,,,,,,,,3,001,2021_Dec_03_1206,Behavioural experiment project,2021.2.3,143.75871540919732,
6,unconscious,0.015,left,leftArrow.png,3.55,0,2,2,5,,,,,,,,,,,,,,,,,88.653667400009,89.65364590001991,right,0.6969376999768429,90.40361630002735,88.16059649997624,90.40361630002735,90.90362940001069,90.40361630002735,90.90362940001069,,,,,,,,,,,,,,,,,,,3,001,2021_Dec_03_1206,Behavioural experiment project,2021.2.3,143.75871540919732,
3,unconscious,0.015,right,rightArrow.png,2.97,0,3,3,2,,,,,,,,,,,,,,,,,91.62585130002117,92.62583680002717,None,,93.37584719998995,None,93.37584719998995,93.87582570000086,93.37584719998995,93.87582570000086,,,,,,,,,,,,,,,,,,,3,001,2021_Dec_03_1206,Behavioural experiment project,2021.2.3,143.75871540919732,
12,conscious,1,left,leftArrow.png,2.76,0,4,4,11,,,,,,,,,,,,,,,,,94.88276639999822,95.88276559999213,right,0.5467885000398383,96.6327530000126,94.39666899997974,96.6327530000126,97.13275140000042,96.6327530000126,97.13275140000042,,,,,,,,,,,,,,,,,,,3,001,2021_Dec_03_1206,Behavioural experiment project,2021.2.3,143.75871540919732,
10,conscious,1,left,leftArrow.png,3.67,0,5,5,9,,,,,,,,,,,,,,,,,97.70219300000463,98.7022099000169,left,0.20836240000789985,99.45217130001402,None,99.45217130001402,None,99.45217130001402,None,,,,,,,,,,,,,,,,,,,3,001,2021_Dec_03_1206,Behavioural experiment project,2021.2.3,143.75871540919732,
5,unconscious,0.015,left,leftArrow.png,3.69,0,6,6,4,,,,,,,,,,,,,,,,,100.18135269999038,101.18133089999901,None,,101.93133190000663,None,101.93133190000663,102.43132610002067,101.93133190000663,102.43132610002067,,,,,,,,,,,,,,,,,,,3,001,2021_Dec_03_1206,Behavioural experiment project,2021.2.3,143.75871540919732,
8,conscious,1,right,rightArrow.png,2.65,0,7,7,7,,,,,,,,,,,,,,,,,103.43826929997886,104.43826179997995,right,0.7622572000254877,105.1882634999929,102.95215810002992,105.1882634999929,105.68823720002547,105.1882634999929,105.68823720002547,,,,,,,,,,,,,,,,,,,3,001,2021_Dec_03_1206,Behavioural experiment project,2021.2.3,143.75871540919732,
1,unconscious,0.015,right,rightArrow.png,2.6,0,8,8,0,,,,,,,,,,,,,,,,,106.47296320000896,107.472980200022,left,0.33479500003159046,108.22294790000888,None,108.22294790000888,None,108.22294790000888,None,,,,,,,,,,,,,,,,,,,3,001,2021_Dec_03_1206,Behavioural experiment project,2021.2.3,143.75871540919732,
9,conscious,1,right,rightArrow.png,2.34,0,9,9,8,,,,,,,,,,,,,,,,,109.08405549998861,110.08404380001593,right,0.3495637999731116,110.83403949998319,None,110.83403949998319,None,110.83403949998319,None,,,,,,,,,,,,,,,,,,,3,001,2021_Dec_03_1206,Behavioural experiment project,2021.2.3,143.75871540919732,
7,conscious,1,right,rightArrow.png,3.65,0,10,10,6,,,,,,,,,,,,,,,,,111.709027600009,112.7090161999804,left,0.26066679996438324,113.45902260002913,None,113.45902260002913,None,113.45902260002913,None,,,,,,,,,,,,,,,,,,,3,001,2021_Dec_03_1206,Behavioural experiment project,2021.2.3,143.75871540919732,
4,unconscious,0.015,left,leftArrow.png,3.59,0,11,11,3,,,,,,,,,,,,,,,,,114.24374250002438,115.24372490000678,right,0.5429274999769405,115.99372239998775,None,115.99372239998775,116.49371950002387,115.99372239998775,116.49371950002387,,,,,,,,,,,,,,,,,,,3,001,2021_Dec_03_1206,Behavioural experiment project,2021.2.3,143.75871540919732,
,,,,,,,,,,,,,,,,,,,,,,,,,,,,,,,,,,,,116.54928029997973,None,right,5.600432000006549,116.54928029997973,None,,,,,,,,,,,,,3,001,2021_Dec_03_1206,Behavioural experiment project,2021.2.3,143.75871540919732,
22,unconscious,0.015,left,leftArrow.png,2.91,,,,,0,0,0,21,,,,,,,,,,,,,,,,,,,,,,,,,,,,,122.7159387000138,123.71587279997766,right,0.5750862000277266,125.13255969999591,None,125.13255969999591,125.6325331000262,125.13255969999591,125.6325331000262,,,3,001,2021_Dec_03_1206,Behavioural experiment project,2021.2.3,143.75871540919732,
43,conscious,1,right,rightArrow.png,3.62,,,,,0,1,1,42,,,,,,,,,,,,,,,,,,,,,,,,,,,,,126.2297596000135,127.2297609000234,right,0.21975220000604168,129.34779560001334,None,129.34779560001334,None,129.34779560001334,None,,,3,001,2021_Dec_03_1206,Behavioural experiment project,2021.2.3,143.75871540919732,
63,conscious,1,left,leftArrow.png,2.65,,,,,0,2,2,62,,,,,,,,,,,,,,,,,,,,,,,,,,,,,130.09084620000795,131.09083579998696,left,0.29095190000953153,132.24360370001523,None,132.24360370001523,None,132.24360370001523,None,,,3,001,2021_Dec_03_1206,Behavioural experiment project,2021.2.3,143.75871540919732,
39,unconscious,0.015,left,leftArrow.png,2.58,,,,,0,3,3,38,,,,,,,,,,,,,,,,,,,,,,,,,,,,,133.05611370003317,134.05608469998697,right,0.24222469999222085,135.13941110001178,None,135.13941110001178,None,135.13941110001178,None,,,3,001,2021_Dec_03_1206,Behavioural experiment project,2021.2.3,143.75871540919732,
5,unconscious,0.015,right,rightArrow.png,2.29,,,,,0,4,4,4,,,,,,,,,,,,,,,,,,,,,,,,,,,,,135.9033048999845,136.9032730999752,right,0.4475805999827571,137.69496539997635,None,137.69496539997635,None,137.69496539997635,None,,,3,001,2021_Dec_03_1206,Behavioural experiment project,2021.2.3,143.75871540919732,
12,unconscious,0.015,right,rightArrow.png,3.07,,,,,0,5,5,11,,,,,,,,,,,,,,,,,,,,,,,,,,,,,138.66716970002744,139.66716399998404,left,0.43495780002558604,141.23659350001253,None,141.23659350001253,None,141.23659350001253,None,,,3,001,2021_Dec_03_1206,Behavioural experiment project,2021.2.3,143.75871540919732,
64,conscious,1,left,leftArrow.png,2.58,,,,,0,6,6,63,,,,,,,,,,,,,,,,,,,,,,,,,,,,,142.19493529998,143.19491580000613,right,0.2613896999973804,144.27128450002056,None,144.27128450002056,None,144.27128450002056,None,,,3,001,2021_Dec_03_1206,Behavioural experiment project,2021.2.3,143.75871540919732,
73,conscious,1,left,leftArrow.png,2.68,,,,,0,7,7,72,,,,,,,,,,,,,,,,,,,,,,,,,,,,,145.05601280002156,146.05601110000862,left,0.38412109995260835,147.23654509999324,None,147.23654509999324,None,147.23654509999324,None,,,3,001,2021_Dec_03_1206,Behavioural experiment project,2021.2.3,143.75871540919732,
36,unconscious,0.015,left,leftArrow.png,2.4,,,,,0,8,8,35,,,,,,,,,,,,,,,,,,,,,,,,,,,,,148.1462678000098,149.14625819999492,right,0.4806303000077605,150.04208330000984,None,150.04208330000984,None,150.04208330000984,None,,,3,001,2021_Dec_03_1206,Behavioural experiment project,2021.2.3,143.75871540919732,
10,unconscious,0.015,right,rightArrow.png,3.29,,,,,0,9,9,9,,,,,,,,,,,,,,,,,,,,,,,,,,,,,151.04207259998657,152.042063699977,right,0.3968738000257872,153.83371420000913,None,153.83371420000913,None,153.83371420000913,None,,,3,001,2021_Dec_03_1206,Behavioural experiment project,2021.2.3,143.75871540919732,
61,conscious,1,left,leftArrow.png,3.66,,,,,0,10,10,60,,,,,,,,,,,,,,,,,,,,,,,,,,,,,154.75038169999607,155.75036409997847,left,0.3357366999844089,157.91008310002508,None,157.91008310002508,None,157.91008310002508,None,,,3,001,2021_Dec_03_1206,Behavioural experiment project,2021.2.3,143.75871540919732,
18,unconscious,0.015,right,rightArrow.png,3.13,,,,,0,11,11,17,,,,,,,,,,,,,,,,,,,,,,,,,,,,,158.77118470001733,159.7711746999994,left,0.411550700024236,161.4031074999948,None,161.4031074999948,None,161.4031074999948,None,,,3,001,2021_Dec_03_1206,Behavioural experiment project,2021.2.3,143.75871540919732,
76,conscious,1,left,leftArrow.png,3.28,,,,,0,12,12,75,,,,,,,,,,,,,,,,,,,,,,,,,,,,,162.3406013000058,163.3406269000261,left,0.42438490001950413,165.1183445000206,None,165.1183445000206,None,165.1183445000206,None,,,3,001,2021_Dec_03_1206,Behavioural experiment project,2021.2.3,143.75871540919732,
27,unconscious,0.015,left,leftArrow.png,2.59,,,,,0,13,13,26,,,,,,,,,,,,,,,,,,,,,,,,,,,,,166.06279679998988,167.06279170000926,left,0.32155260001309216,168.1530619999976,None,168.1530619999976,None,168.1530619999976,None,,,3,001,2021_Dec_03_1206,Behavioural experiment project,2021.2.3,143.75871540919732,
56,conscious,1,right,rightArrow.png,2.26,,,,,0,14,14,55,,,,,,,,,,,,,,,,,,,,,,,,,,,,,169.00028600002406,170.0002648999798,right,0.29950719996122643,170.7572070999886,None,170.7572070999886,None,170.7572070999886,None,,,3,001,2021_Dec_03_1206,Behavioural experiment project,2021.2.3,143.75871540919732,
53,conscious,1,right,rightArrow.png,2.5,,,,,0,15,15,52,,,,,,,,,,,,,,,,,,,,,,,,,,,,,171.57665469998028,172.57663570001023,right,0.27107890002662316,173.57662190002156,None,173.57662190002156,None,173.57662190002156,None,,,3,001,2021_Dec_03_1206,Behavioural experiment project,2021.2.3,143.75871540919732,
21,unconscious,0.015,left,leftArrow.png,3.59,,,,,0,16,16,20,,,,,,,,,,,,,,,,,,,,,,,,,,,,,174.36829549999675,175.36828200001037,left,0.2480381000204943,177.45854590000818,None,177.45854590000818,None,177.45854590000818,None,,,3,001,2021_Dec_03_1206,Behavioural experiment project,2021.2.3,143.75871540919732,
68,conscious,1,left,leftArrow.png,2.97,,,,,0,17,17,67,,,,,,,,,,,,,,,,,,,,,,,,,,,,,178.22940040001413,179.22933469997952,left,0.37511210003867745,180.69462630001362,None,180.69462630001362,None,180.69462630001362,None,,,3,001,2021_Dec_03_1206,Behavioural experiment project,2021.2.3,143.75871540919732,
67,conscious,1,left,leftArrow.png,3.4,,,,,0,18,18,66,,,,,,,,,,,,,,,,,,,,,,,,,,,,,181.59047150000697,182.5904642000096,left,0.35048169997753575,184.49321510002483,None,184.49321510002483,None,184.49321510002483,None,,,3,001,2021_Dec_03_1206,Behavioural experiment project,2021.2.3,143.75871540919732,
33,unconscious,0.015,left,leftArrow.png,2.68,,,,,0,19,19,32,,,,,,,,,,,,,,,,,,,,,,,,,,,,,185.36821580003016,186.36820440000156,right,0.4680168000049889,187.54878319997806,None,187.54878319997806,None,187.54878319997806,None,,,3,001,2021_Dec_03_1206,Behavioural experiment project,2021.2.3,143.75871540919732,
30,unconscious,0.015,left,leftArrow.png,2.42,,,,,0,20,20,29,,,,,,,,,,,,,,,,,,,,,,,,,,,,,188.54180030000862,189.54179940000176,left,0.48030940000899136,190.45844720001332,None,190.45844720001332,None,190.45844720001332,None,,,3,001,2021_Dec_03_1206,Behavioural experiment project,2021.2.3,143.75871540919732,
35,unconscious,0.015,left,leftArrow.png,3.55,,,,,0,21,21,34,,,,,,,,,,,,,,,,,,,,,,,,,,,,,191.4584395000129,192.45843549998244,left,0.3305537999840453,194.5070225999807,None,194.5070225999807,None,194.5070225999807,None,,,3,001,2021_Dec_03_1206,Behavioural experiment project,2021.2.3,143.75871540919732,
15,unconscious,0.015,right,rightArrow.png,3.45,,,,,0,22,22,14,,,,,,,,,,,,,,,,,,,,,,,,,,,,,195.3611857999931,196.36123169999337,left,0.47512150002876297,198.31255360000068,None,198.31255360000068,None,198.31255360000068,None,,,3,001,2021_Dec_03_1206,Behavioural experiment project,2021.2.3,143.75871540919732,
44,conscious,1,right,rightArrow.png,2.5,,,,,0,23,23,43,,,,,,,,,,,,,,,,,,,,,,,,,,,,,199.3125484000193,200.3125468000071,right,0.24607739999191836,201.31255789997522,None,201.31255789997522,None,201.31255789997522,None,,,3,001,2021_Dec_03_1206,Behavioural experiment project,2021.2.3,143.75871540919732,
55,conscious,1,right,rightArrow.png,2.64,,,,,0,24,24,54,,,,,,,,,,,,,,,,,,,,,,,,,,,,,202.08336579997558,203.0833557000151,right,0.2385016999905929,204.22223389998544,None,204.22223389998544,None,204.22223389998544,None,,,3,001,2021_Dec_03_1206,Behavioural experiment project,2021.2.3,143.75871540919732,
28,unconscious,0.015,left,leftArrow.png,2.6,,,,,0,25,25,27,,,,,,,,,,,,,,,,,,,,,,,,,,,,,204.9861206000205,205.9861046000151,right,0.36431370000354946,207.0833254000172,None,207.0833254000172,None,207.0833254000172,None,,,3,001,2021_Dec_03_1206,Behavioural experiment project,2021.2.3,143.75871540919732,
70,conscious,1,left,leftArrow.png,3.16,,,,,0,26,26,69,,,,,,,,,,,,,,,,,,,,,,,,,,,,,207.97221680002986,208.97218789998442,left,0.2746843000059016,210.6319137000246,None,210.6319137000246,None,210.6319137000246,None,,,3,001,2021_Dec_03_1206,Behavioural experiment project,2021.2.3,143.75871540919732,
54,conscious,1,right,rightArrow.png,2.5,,,,,0,27,27,53,,,,,,,,,,,,,,,,,,,,,,,,,,,,,211.43051869998453,212.43049790000077,right,0.3222703000064939,213.43050700001186,None,213.43050700001186,None,213.43050700001186,None,,,3,001,2021_Dec_03_1206,Behavioural experiment project,2021.2.3,143.75871540919732,
38,unconscious,0.015,left,leftArrow.png,3.39,,,,,0,28,28,37,,,,,,,,,,,,,,,,,,,,,,,,,,,,,214.2777034000028,215.2776956000016,left,0.28017539996653795,217.16658399999142,None,217.16658399999142,None,217.16658399999142,None,,,3,001,2021_Dec_03_1206,Behavioural experiment project,2021.2.3,143.75871540919732,
52,conscious,1,right,rightArrow.png,2.29,,,,,0,29,29,51,,,,,,,,,,,,,,,,,,,,,,,,,,,,,217.97212719998788,218.97212240000954,right,0.29389239998999983,219.76380600000266,None,219.76380600000266,None,219.76380600000266,None,,,3,001,2021_Dec_03_1206,Behavioural experiment project,2021.2.3,143.75871540919732,
75,conscious,1,left,leftArrow.png,2.76,,,,,0,30,30,74,,,,,,,,,,,,,,,,,,,,,,,,,,,,,220.58322720002616,221.58323570003267,left,0.3406328000128269,222.84015360003104,None,222.84015360003104,None,222.84015360003104,None,,,3,001,2021_Dec_03_1206,Behavioural experiment project,2021.2.3,143.75871540919732,
4,unconscious,0.015,right,rightArrow.png,3.26,,,,,0,31,31,3,,,,,,,,,,,,,,,,,,,,,,,,,,,,,223.70125769998413,224.70124880003277,right,0.2704455000348389,226.4581763999886,None,226.4581763999886,None,226.4581763999886,None,,,3,001,2021_Dec_03_1206,Behavioural experiment project,2021.2.3,143.75871540919732,
77,conscious,1,left,leftArrow.png,2.44,,,,,0,32,32,76,,,,,,,,,,,,,,,,,,,,,,,,,,,,,227.2498481000075,228.2498432000284,left,0.28327419998822734,229.18732780002756,None,229.18732780002756,None,229.18732780002756,None,,,3,001,2021_Dec_03_1206,Behavioural experiment project,2021.2.3,143.75871540919732,
31,unconscious,0.015,left,leftArrow.png,3.01,,,,,0,33,33,30,,,,,,,,,,,,,,,,,,,,,,,,,,,,,229.99288119998528,230.99286649998976,right,0.2239813000196591,232.4998082999955,None,232.4998082999955,None,232.4998082999955,None,,,3,001,2021_Dec_03_1206,Behavioural experiment project,2021.2.3,143.75871540919732,
65,conscious,1,left,leftArrow.png,3.04,,,,,0,34,34,64,,,,,,,,,,,,,,,,,,,,,,,,,,,,,233.2428775000153,234.2428563000285,left,0.2512690000003204,235.7844952000305,None,235.7844952000305,None,235.7844952000305,None,,,3,001,2021_Dec_03_1206,Behavioural experiment project,2021.2.3,143.75871540919732,
1,unconscious,0.015,right,rightArrow.png,2.59,,,,,0,35,35,0,,,,,,,,,,,,,,,,,,,,,,,,,,,,,236.55534369999077,237.55531770002563,right,0.23707079997984692,238.64560260000871,None,238.64560260000871,None,238.64560260000871,None,,,3,001,2021_Dec_03_1206,Behavioural experiment project,2021.2.3,143.75871540919732,
47,conscious,1,right,rightArrow.png,2.26,,,,,0,36,36,46,,,,,,,,,,,,,,,,,,,,,,,,,,,,,239.4025330999866,240.4025233000284,left,0.23727659997530282,241.1664125000243,None,241.1664125000243,None,241.1664125000243,None,,,3,001,2021_Dec_03_1206,Behavioural experiment project,2021.2.3,143.75871540919732,
78,conscious,1,left,leftArrow.png,2.91,,,,,0,37,37,77,,,,,,,,,,,,,,,,,,,,,,,,,,,,,241.92333070002496,242.9233318999759,left,0.41875060001621023,244.3330413000076,None,244.3330413000076,None,244.3330413000076,None,,,3,001,2021_Dec_03_1206,Behavioural experiment project,2021.2.3,143.75871540919732,
72,conscious,1,left,leftArrow.png,3.16,,,,,0,38,38,71,,,,,,,,,,,,,,,,,,,,,,,,,,,,,245.27748980000615,246.2774800999905,left,0.37339919997612014,247.93718499998795,None,247.93718499998795,None,247.93718499998795,None,,,3,001,2021_Dec_03_1206,Behavioural experiment project,2021.2.3,143.75871540919732,
59,conscious,1,right,rightArrow.png,3.2,,,,,0,39,39,58,,,,,,,,,,,,,,,,,,,,,,,,,,,,,248.83301559998654,249.83299670001725,right,0.244218300038483,251.5343850000063,None,251.5343850000063,None,251.5343850000063,None,,,3,001,2021_Dec_03_1206,Behavioural experiment project,2021.2.3,143.75871540919732,
34,unconscious,0.015,left,leftArrow.png,2.88,,,,,0,40,40,33,,,,,,,,,,,,,,,,,,,,,,,,,,,,,252.2982553000329,253.2983060000115,right,0.4315272999810986,254.68019440001808,None,254.68019440001808,None,254.68019440001808,None,,,3,001,2021_Dec_03_1206,Behavioural experiment project,2021.2.3,143.75871540919732,
41,conscious,1,right,rightArrow.png,3.65,,,,,0,41,41,40,,,,,,,,,,,,,,,,,,,,,,,,,,,,,255.6315742000006,256.6315688000177,right,0.5023034999612719,258.78432869998505,None,258.78432869998505,259.2843348000315,258.78432869998505,259.2843348000315,,,3,001,2021_Dec_03_1206,Behavioural experiment project,2021.2.3,143.75871540919732,
74,conscious,1,left,leftArrow.png,2.73,,,,,0,42,42,73,,,,,,,,,,,,,,,,,,,,,,,,,,,,,259.8120996999787,260.81208330002846,left,0.32750499999383464,262.0412696999847,None,262.0412696999847,None,262.0412696999847,None,,,3,001,2021_Dec_03_1206,Behavioural experiment project,2021.2.3,143.75871540919732,
32,unconscious,0.015,left,leftArrow.png,2.32,,,,,0,43,43,31,,,,,,,,,,,,,,,,,,,,,,,,,,,,,262.8884663999779,263.88845550001133,right,0.5127408999833278,264.7078910000273,None,264.7078910000273,265.2078844999778,264.7078910000273,265.2078844999778,,,3,001,2021_Dec_03_1206,Behavioural experiment project,2021.2.3,143.75871540919732,
51,conscious,1,right,rightArrow.png,2.34,,,,,0,44,44,50,,,,,,,,,,,,,,,,,,,,,,,,,,,,,265.74263190000784,266.74260990001494,right,0.37974820000818,267.5828788999934,None,267.5828788999934,None,267.5828788999934,None,,,3,001,2021_Dec_03_1206,Behavioural experiment project,2021.2.3,143.75871540919732,
79,conscious,1,left,leftArrow.png,2.54,,,,,0,45,45,78,,,,,,,,,,,,,,,,,,,,,,,,,,,,,268.48563800001284,269.48564369999804,left,0.4824360000202432,270.5272985000047,None,270.5272985000047,None,270.5272985000047,None,,,3,001,2021_Dec_03_1206,Behavioural experiment project,2021.2.3,143.75871540919732,
6,unconscious,0.015,right,rightArrow.png,3.59,,,,,0,46,46,5,,,,,,,,,,,,,,,,,,,,,,,,,,,,,271.5342371999868,272.5342272000271,right,0.31430700002238154,274.6244818000123,None,274.6244818000123,None,274.6244818000123,None,,,3,001,2021_Dec_03_1206,Behavioural experiment project,2021.2.3,143.75871540919732,
42,conscious,1,right,rightArrow.png,3.43,,,,,0,47,47,41,,,,,,,,,,,,,,,,,,,,,,,,,,,,,275.46476810000604,276.46475390001433,right,0.38734060002025217,278.3952954999986,None,278.3952954999986,None,278.3952954999986,None,,,3,001,2021_Dec_03_1206,Behavioural experiment project,2021.2.3,143.75871540919732,
50,conscious,1,right,rightArrow.png,2.77,,,,,0,48,48,49,,,,,,,,,,,,,,,,,,,,,,,,,,,,,279.3050149999908,280.30499269999564,right,0.34986070002196357,281.5758273000247,None,281.5758273000247,None,281.5758273000247,None,,,3,001,2021_Dec_03_1206,Behavioural experiment project,2021.2.3,143.75871540919732,
48,conscious,1,right,rightArrow.png,2.28,,,,,0,49,49,47,,,,,,,,,,,,,,,,,,,,,,,,,,,,,282.4508230999927,283.4508206000319,right,0.3931044000200927,284.2286207000143,None,284.2286207000143,None,284.2286207000143,None,,,3,001,2021_Dec_03_1206,Behavioural experiment project,2021.2.3,143.75871540919732,
66,conscious,1,left,leftArrow.png,2.84,,,,,0,50,50,65,,,,,,,,,,,,,,,,,,,,,,,,,,,,,285.14522970002145,286.1452516000136,left,0.3741563999792561,287.48551020002924,None,287.48551020002924,None,287.48551020002924,None,,,3,001,2021_Dec_03_1206,Behavioural experiment project,2021.2.3,143.75871540919732,
16,unconscious,0.015,right,rightArrow.png,2.87,,,,,0,51,51,15,,,,,,,,,,,,,,,,,,,,,,,,,,,,,288.3813324000221,289.38132440001937,left,0.42328440002165735,290.7493586000055,None,290.7493586000055,None,290.7493586000055,None,,,3,001,2021_Dec_03_1206,Behavioural experiment project,2021.2.3,143.75871540919732,
80,conscious,1,left,leftArrow.png,2.66,,,,,0,52,52,79,,,,,,,,,,,,,,,,,,,,,,,,,,,,,291.693806700001,292.6938056999934,left,0.35624960000859573,293.8535248999833,None,293.8535248999833,None,293.8535248999833,None,,,3,001,2021_Dec_03_1206,Behavioural experiment project,2021.2.3,143.75871540919732,
14,unconscious,0.015,right,rightArrow.png,2.76,,,,,0,53,53,13,,,,,,,,,,,,,,,,,,,,,,,,,,,,,294.73545400000876,295.73544080002466,right,0.49528839997947216,296.9923805000144,None,296.9923805000144,297.49239020003006,296.9923805000144,297.49239020003006,,,3,001,2021_Dec_03_1206,Behavioural experiment project,2021.2.3,143.75871540919732,
46,conscious,1,right,rightArrow.png,2.65,,,,,0,54,54,45,,,,,,,,,,,,,,,,,,,,,,,,,,,,,298.013206899981,299.0132020000019,right,0.33575059997383505,300.1590296999784,None,300.1590296999784,None,300.1590296999784,None,,,3,001,2021_Dec_03_1206,Behavioural experiment project,2021.2.3,143.75871540919732,
9,unconscious,0.015,right,rightArrow.png,2.97,,,,,0,55,55,8,,,,,,,,,,,,,,,,,,,,,,,,,,,,,301.020127900003,302.02011560002575,left,0.38036860001739115,303.492327200016,None,303.492327200016,None,303.492327200016,None,,,3,001,2021_Dec_03_1206,Behavioural experiment project,2021.2.3,143.75871540919732,
13,unconscious,0.015,right,rightArrow.png,2.27,,,,,0,56,56,12,,,,,,,,,,,,,,,,,,,,,,,,,,,,,304.395111299993,305.3951249999809,left,0.6489733000053093,306.1659123999998,None,306.1659123999998,306.66591380001046,306.1659123999998,306.66591380001046,,,3,001,2021_Dec_03_1206,Behavioural experiment project,2021.2.3,143.75871540919732,
25,unconscious,0.015,left,leftArrow.png,3.58,,,,,0,57,57,24,,,,,,,,,,,,,,,,,,,,,,,,,,,,,307.339528099983,308.3395115000312,right,0.2278095000074245,310.41589419997763,None,310.41589419997763,None,310.41589419997763,None,,,3,001,2021_Dec_03_1206,Behavioural experiment project,2021.2.3,143.75871540919732,
60,conscious,1,right,rightArrow.png,3.21,,,,,0,58,58,59,,,,,,,,,,,,,,,,,,,,,,,,,,,,,311.1658882999909,312.1658791999798,right,0.39346910000313073,313.8741961999913,None,313.8741961999913,None,313.8741961999913,None,,,3,001,2021_Dec_03_1206,Behavioural experiment project,2021.2.3,143.75871540919732,
19,unconscious,0.015,right,rightArrow.png,3.25,,,,,0,59,59,18,,,,,,,,,,,,,,,,,,,,,,,,,,,,,314.7908594000037,315.7908494999865,right,0.4908178999903612,317.54083439998794,None,317.54083439998794,None,317.54083439998794,None,,,3,001,2021_Dec_03_1206,Behavioural experiment project,2021.2.3,143.75871540919732,
24,unconscious,0.015,left,leftArrow.png,3.69,,,,,0,60,60,23,,,,,,,,,,,,,,,,,,,,,,,,,,,,,318.554718600004,319.554712400015,left,0.3545105999801308,321.74219309998443,None,321.74219309998443,318.061669000017,321.74219309998443,318.061669000017,,,3,001,2021_Dec_03_1206,Behavioural experiment project,2021.2.3,143.75871540919732,
40,unconscious,0.015,left,leftArrow.png,3.09,,,,,0,61,61,39,,,,,,,,,,,,,,,,,,,,,,,,,,,,,322.61718709999695,323.617164700001,right,0.4572293999954127,325.2074420999852,None,325.2074420999852,None,325.2074420999852,None,,,3,001,2021_Dec_03_1206,Behavioural experiment project,2021.2.3,143.75871540919732,
8,unconscious,0.015,right,rightArrow.png,2.57,,,,,0,62,62,7,,,,,,,,,,,,,,,,,,,,,,,,,,,,,326.18659559998196,327.18658610002603,right,0.3656355999992229,328.25604890001705,None,328.25604890001705,None,328.25604890001705,None,,,3,001,2021_Dec_03_1206,Behavioural experiment project,2021.2.3,143.75871540919732,
45,conscious,1,right,rightArrow.png,3.69,,,,,0,63,63,44,,,,,,,,,,,,,,,,,,,,,,,,,,,,,329.14490830001887,330.14492360001896,right,0.31926950003253296,332.3323902999982,None,332.3323902999982,None,332.3323902999982,None,,,3,001,2021_Dec_03_1206,Behavioural experiment project,2021.2.3,143.75871540919732,
58,conscious,1,right,rightArrow.png,2.78,,,,,0,64,64,57,,,,,,,,,,,,,,,,,,,,,,,,,,,,,333.172662500001,334.17266240000026,right,0.29327840002952144,335.45042660000036,None,335.45042660000036,None,335.45042660000036,None,,,3,001,2021_Dec_03_1206,Behavioural experiment project,2021.2.3,143.75871540919732,
29,unconscious,0.015,left,leftArrow.png,3.71,,,,,0,65,65,28,,,,,,,,,,,,,,,,,,,,,,,,,,,,,336.26986410003155,337.2698557000258,right,0.3505779000115581,339.4781759000034,None,339.4781759000034,None,339.4781759000034,None,,,3,001,2021_Dec_03_1206,Behavioural experiment project,2021.2.3,143.75871540919732,
3,unconscious,0.015,right,rightArrow.png,2.6,,,,,0,66,66,2,,,,,,,,,,,,,,,,,,,,,,,,,,,,,340.35315089998767,341.35315069998614,right,0.4903677999973297,342.4503735000035,None,342.4503735000035,None,342.4503735000035,None,,,3,001,2021_Dec_03_1206,Behavioural experiment project,2021.2.3,143.75871540919732,
26,unconscious,0.015,left,leftArrow.png,2.58,,,,,0,67,67,25,,,,,,,,,,,,,,,,,,,,,,,,,,,,,343.46424180001486,344.4642357000266,right,0.3020228000241332,345.54062019998673,None,345.54062019998673,342.97815330000594,345.54062019998673,342.97815330000594,,,3,001,2021_Dec_03_1206,Behavioural experiment project,2021.2.3,143.75871540919732,
37,unconscious,0.015,left,leftArrow.png,2.7,,,,,0,68,68,36,,,,,,,,,,,,,,,,,,,,,,,,,,,,,346.367006400018,347.3669992000214,right,0.32134329999098554,348.56838100001914,None,348.56838100001914,None,348.56838100001914,None,,,3,001,2021_Dec_03_1206,Behavioural experiment project,2021.2.3,143.75871540919732,
57,conscious,1,right,rightArrow.png,3.48,,,,,0,69,69,56,,,,,,,,,,,,,,,,,,,,,,,,,,,,,349.4086552999797,350.4086463000276,right,0.21612100000493228,352.3878052000073,None,352.3878052000073,None,352.3878052000073,None,,,3,001,2021_Dec_03_1206,Behavioural experiment project,2021.2.3,143.75871540919732,
62,conscious,1,left,leftArrow.png,3.67,,,,,0,70,70,61,,,,,,,,,,,,,,,,,,,,,,,,,,,,,353.1238887999789,354.12390130001586,left,0.31116139999357983,356.29750560002867,None,356.29750560002867,None,356.29750560002867,None,,,3,001,2021_Dec_03_1206,Behavioural experiment project,2021.2.3,143.75871540919732,
71,conscious,1,left,leftArrow.png,3.25,,,,,0,71,71,70,,,,,,,,,,,,,,,,,,,,,,,,,,,,,357.1308107000077,358.130825500004,left,0.4018750000395812,359.8808018999989,None,359.8808018999989,None,359.8808018999989,None,,,3,001,2021_Dec_03_1206,Behavioural experiment project,2021.2.3,143.75871540919732,
49,conscious,1,right,rightArrow.png,3.22,,,,,0,72,72,48,,,,,,,,,,,,,,,,,,,,,,,,,,,,,360.80441360000987,361.8043928000261,right,0.2442303000134416,363.5265961000114,None,363.5265961000114,None,363.5265961000114,None,,,3,001,2021_Dec_03_1206,Behavioural experiment project,2021.2.3,143.75871540919732,
7,unconscious,0.015,right,rightArrow.png,2.71,,,,,0,73,73,6,,,,,,,,,,,,,,,,,,,,,,,,,,,,,364.29049109999323,365.2904703000095,left,0.40883289999328554,366.49879630003124,None,366.49879630003124,None,366.49879630003124,None,,,3,001,2021_Dec_03_1206,Behavioural experiment project,2021.2.3,143.75871540919732,
2,unconscious,0.015,right,rightArrow.png,2.32,,,,,0,74,74,1,,,,,,,,,,,,,,,,,,,,,,,,,,,,,367.42934530001367,368.429337700014,right,0.34096590004628524,369.2487758999923,None,369.2487758999923,None,369.2487758999923,None,,,3,001,2021_Dec_03_1206,Behavioural experiment project,2021.2.3,143.75871540919732,
20,unconscious,0.015,right,rightArrow.png,2.9,,,,,0,75,75,19,,,,,,,,,,,,,,,,,,,,,,,,,,,,,370.10987859999295,371.1098853999865,right,0.3749771000002511,372.512646600022,None,372.512646600022,None,372.512646600022,None,,,3,001,2021_Dec_03_1206,Behavioural experiment project,2021.2.3,143.75871540919732,
17,unconscious,0.015,right,rightArrow.png,3.37,,,,,0,76,76,16,,,,,,,,,,,,,,,,,,,,,,,,,,,,,373.4084691000171,374.4084614000167,left,0.42519999999785796,376.27649730001576,None,376.27649730001576,None,376.27649730001576,None,,,3,001,2021_Dec_03_1206,Behavioural experiment project,2021.2.3,143.75871540919732,
11,unconscious,0.015,right,rightArrow.png,2.45,,,,,0,77,77,10,,,,,,,,,,,,,,,,,,,,,,,,,,,,,377.2278936000075,378.227885100001,right,0.35343969997484237,379.17925480002305,None,379.17925480002305,None,379.17925480002305,None,,,3,001,2021_Dec_03_1206,Behavioural experiment project,2021.2.3,143.75871540919732,
23,unconscious,0.015,left,leftArrow.png,3.64,,,,,0,78,78,22,,,,,,,,,,,,,,,,,,,,,,,,,,,,,380.0542749000015,381.0542764000129,right,0.46458369999891147,383.1931106999982,None,383.1931106999982,None,383.1931106999982,None,,,3,001,2021_Dec_03_1206,Behavioural experiment project,2021.2.3,143.75871540919732,
69,conscious,1,left,leftArrow.png,3.27,,,,,0,79,79,68,,,,,,,,,,,,,,,,,,,,,,,,,,,,,384.1792326000286,385.1792247000267,left,0.3567525999969803,386.9500492999796,None,386.9500492999796,None,386.9500492999796,None,,,3,001,2021_Dec_03_1206,Behavioural experiment project,2021.2.3,143.75871540919732,
,,,,,,,,,,,,,,,,,,,,,,,,,,,,,,,,,,,,,,,,,,,,,,,,,,,,387.3250399000244,None,,,,,,,
