﻿trial,state,opacityLevel,direction,imagefile,onsetTime,trials.thisRepN,trials.thisTrialN,trials.thisN,trials.thisIndex,trials2.thisRepN,trials2.thisTrialN,trials2.thisN,trials2.thisIndex,instructions.started,instructions.stopped,key_resp_2.keys,key_resp_2.rt,key_resp_2.started,key_resp_2.stopped,text.started,text.stopped,key_resp_4.keys,key_resp_4.rt,key_resp_4.started,key_resp_4.stopped,fixation.started,fixation.stopped,key_resp_5.keys,key_resp_5.started,key_resp_5.stopped,arrowPractice.started,arrowPractice.stopped,circlePractice.started,circlePractice.stopped,key_resp_5.rt,text_3.started,text_3.stopped,key_resp_6.keys,key_resp_6.rt,key_resp_6.started,key_resp_6.stopped,fixation_point.started,fixation_point.stopped,key_resp.keys,key_resp.rt,key_resp.started,key_resp.stopped,arrowExperiment.started,arrowExperiment.stopped,circleExperiment.started,circleExperiment.stopped,text_2.started,text_2.stopped,participant,session,date,expName,psychopyVersion,frameRate,
,,,,,,,,,,,,,,34.76525070000207,None,right,88.4911949999514,34.76525070000207,None,,,,,,,,,,,,,,,,,,,,,,,,,,,,,,,,,,,4,001,2021_Dec_04_1206,Behavioural experiment project,2021.2.3,143.89690075418423,
,,,,,,,,,,,,,,,,,,,,123.27413390000584,None,right,187.50422489998164,123.27413390000584,None,,,,,,,,,,,,,,,,,,,,,,,,,,,,,4,001,2021_Dec_04_1206,Behavioural experiment project,2021.2.3,143.89690075418423,
7,conscious,1,right,rightArrow.png,3.65,0,0,0,6,,,,,,,,,,,,,,,,,311.3421570000355,312.34214530000463,None,313.0921301000053,None,313.0921301000053,313.59212889999617,313.0921301000053,313.59212889999617,,,,,,,,,,,,,,,,,,,,4,001,2021_Dec_04_1206,Behavioural experiment project,2021.2.3,143.89690075418423,
8,conscious,1,right,rightArrow.png,2.65,0,1,1,7,,,,,,,,,,,,,,,,,314.5504596999963,315.55044820002513,right,316.30044550000457,None,316.30044550000457,316.8004441999947,316.30044550000457,316.8004441999947,0.812988200050313,,,,,,,,,,,,,,,,,,,4,001,2021_Dec_04_1206,Behavioural experiment project,2021.2.3,143.89690075418423,
4,unconscious,0.015,left,leftArrow.png,3.59,0,2,2,3,,,,,,,,,,,,,,,,,317.64072399999714,318.6407018000027,right,319.3907005999936,None,319.3907005999936,319.8906948000076,319.3907005999936,319.8906948000076,0.8456809999770485,,,,,,,,,,,,,,,,,,,4,001,2021_Dec_04_1206,Behavioural experiment project,2021.2.3,143.89690075418423,
11,conscious,1,left,leftArrow.png,3.16,0,3,3,10,,,,,,,,,,,,,,,,,320.75874870002735,321.7587491000304,left,322.5087359000463,None,322.5087359000463,None,322.5087359000463,None,0.37363109999569133,,,,,,,,,,,,,,,,,,,4,001,2021_Dec_04_1206,Behavioural experiment project,2021.2.3,143.89690075418423,
3,unconscious,0.015,right,rightArrow.png,2.97,0,4,4,2,,,,,,,,,,,,,,,,,323.4045624000137,324.4045536000049,None,325.15454820002196,None,325.15454820002196,325.6545352000394,325.15454820002196,325.6545352000394,,,,,,,,,,,,,,,,,,,,4,001,2021_Dec_04_1206,Behavioural experiment project,2021.2.3,143.89690075418423,
10,conscious,1,left,leftArrow.png,3.67,0,5,5,9,,,,,,,,,,,,,,,,,326.6614752000314,327.66147560003446,left,328.4114660000196,326.1753746000468,328.4114660000196,328.91146219999064,328.4114660000196,328.91146219999064,0.5158354000304826,,,,,,,,,,,,,,,,,,,4,001,2021_Dec_04_1206,Behavioural experiment project,2021.2.3,143.89690075418423,
2,unconscious,0.015,right,rightArrow.png,3.59,0,6,6,1,,,,,,,,,,,,,,,,,329.4531255000038,330.4531268000137,right,331.20311580004636,None,331.20311580004636,331.70310959999915,331.20311580004636,331.70310959999915,0.5202558999881148,,,,,,,,,,,,,,,,,,,4,001,2021_Dec_04_1206,Behavioural experiment project,2021.2.3,143.89690075418423,
9,conscious,1,right,rightArrow.png,2.34,0,7,7,8,,,,,,,,,,,,,,,,,332.24477230000775,333.244776400039,right,333.9947652000119,None,333.9947652000119,334.4947541000438,333.9947652000119,334.4947541000438,0.5655713999876752,,,,,,,,,,,,,,,,,,,4,001,2021_Dec_04_1206,Behavioural experiment project,2021.2.3,143.89690075418423,
12,conscious,1,left,leftArrow.png,2.76,0,8,8,11,,,,,,,,,,,,,,,,,335.08503160002874,336.0850138000096,left,336.8350167000317,None,336.8350167000317,None,336.8350167000317,None,0.23152209998806939,,,,,,,,,,,,,,,,,,,4,001,2021_Dec_04_1206,Behavioural experiment project,2021.2.3,143.89690075418423,
6,unconscious,0.015,left,leftArrow.png,3.55,0,9,9,5,,,,,,,,,,,,,,,,,337.5919511000393,338.5919443000457,right,339.3419410000206,None,339.3419410000206,None,339.3419410000206,None,0.23055060004116967,,,,,,,,,,,,,,,,,,,4,001,2021_Dec_04_1206,Behavioural experiment project,2021.2.3,143.89690075418423,
5,unconscious,0.015,left,leftArrow.png,3.69,0,10,10,4,,,,,,,,,,,,,,,,,340.0919265000266,341.0919384000008,left,341.8419268000289,None,341.8419268000289,342.3419126000372,341.8419268000289,342.3419126000372,0.6524324000347406,,,,,,,,,,,,,,,,,,,4,001,2021_Dec_04_1206,Behavioural experiment project,2021.2.3,143.89690075418423,
1,unconscious,0.015,right,rightArrow.png,2.6,0,11,11,0,,,,,,,,,,,,,,,,,343.01551600004314,344.01551600004314,None,344.76551850000396,None,344.76551850000396,345.2655143000302,344.76551850000396,345.2655143000302,,,,,,,,,,,,,,,,,,,,4,001,2021_Dec_04_1206,Behavioural experiment project,2021.2.3,143.89690075418423,
,,,,,,,,,,,,,,,,,,,,,,,,,,,,,,,,,,,,345.765508600045,None,right,3.876164199959021,345.765508600045,None,,,,,,,,,,,,,4,001,2021_Dec_04_1206,Behavioural experiment project,2021.2.3,143.89690075418423,
63,conscious,1,left,leftArrow.png,2.65,,,,,0,0,0,62,,,,,,,,,,,,,,,,,,,,,,,,,,,,,350.2099161000224,351.20990610000445,left,0.07775480003328994,352.35573070001556,None,352.35573070001556,None,352.35573070001556,None,,,4,001,2021_Dec_04_1206,Behavioural experiment project,2021.2.3,143.89690075418423,
43,conscious,1,right,rightArrow.png,3.62,,,,,0,1,1,42,,,,,,,,,,,,,,,,,,,,,,,,,,,,,352.95988570002373,353.95989520003786,right,0.6454547999892384,356.07792509999126,None,356.07792509999126,356.5779227000312,356.07792509999126,356.5779227000312,,,4,001,2021_Dec_04_1206,Behavioural experiment project,2021.2.3,143.89690075418423,
55,conscious,1,right,rightArrow.png,2.64,,,,,0,2,2,54,,,,,,,,,,,,,,,,,,,,,,,,,,,,,357.2445805000025,358.2445711000473,left,0.217005499987863,359.38345870003104,None,359.38345870003104,None,359.38345870003104,None,,,4,001,2021_Dec_04_1206,Behavioural experiment project,2021.2.3,143.89690075418423,
31,unconscious,0.015,left,leftArrow.png,3.01,,,,,0,3,3,30,,,,,,,,,,,,,,,,,,,,,,,,,,,,,360.12651319999713,361.1265164000215,left,0.6350770000135526,362.6334233999951,None,362.6334233999951,363.1334332000115,362.6334233999951,363.1334332000115,,,4,001,2021_Dec_04_1206,Behavioural experiment project,2021.2.3,143.89690075418423,
52,conscious,1,right,rightArrow.png,2.29,,,,,0,4,4,51,,,,,,,,,,,,,,,,,,,,,,,,,,,,,363.7931643000338,364.7931361999945,right,0.3756269000004977,365.58479069999885,None,365.58479069999885,None,365.58479069999885,None,,,4,001,2021_Dec_04_1206,Behavioural experiment project,2021.2.3,143.89690075418423,
71,conscious,1,left,leftArrow.png,3.25,,,,,0,5,5,70,,,,,,,,,,,,,,,,,,,,,,,,,,,,,366.48061840003356,367.4806162000168,left,0.6638847999856807,369.2306064000004,None,369.2306064000004,369.73058299999684,369.2306064000004,369.73058299999684,,,4,001,2021_Dec_04_1206,Behavioural experiment project,2021.2.3,143.89690075418423,
42,conscious,1,right,rightArrow.png,3.43,,,,,0,6,6,41,,,,,,,,,,,,,,,,,,,,,,,,,,,,,370.4180958000361,371.41808760003187,right,0.28976660000626,373.3486210000119,None,373.3486210000119,None,373.3486210000119,None,,,4,001,2021_Dec_04_1206,Behavioural experiment project,2021.2.3,143.89690075418423,
36,unconscious,0.015,left,leftArrow.png,2.4,,,,,0,7,7,35,,,,,,,,,,,,,,,,,,,,,,,,,,,,,374.161117700045,375.16111190000083,right,0.6267093000351451,376.0638862000196,None,376.0638862000196,376.5638798000291,376.0638862000196,376.5638798000291,,,4,001,2021_Dec_04_1206,Behavioural experiment project,2021.2.3,143.89690075418423,
64,conscious,1,left,leftArrow.png,2.58,,,,,0,8,8,63,,,,,,,,,,,,,,,,,,,,,,,,,,,,,377.2166531000403,378.21664520003833,left,0.39340229996014386,379.29998529999284,None,379.29998529999284,None,379.29998529999284,None,,,4,001,2021_Dec_04_1206,Behavioural experiment project,2021.2.3,143.89690075418423,
47,conscious,1,right,rightArrow.png,2.26,,,,,0,9,9,46,,,,,,,,,,,,,,,,,,,,,,,,,,,,,380.21663500001887,381.21662419999484,right,0.5138724999851547,381.98052290000487,None,381.98052290000487,382.4805024000234,381.98052290000487,382.4805024000234,,,4,001,2021_Dec_04_1206,Behavioural experiment project,2021.2.3,143.89690075418423,
13,unconscious,0.015,right,rightArrow.png,2.27,,,,,0,10,10,12,,,,,,,,,,,,,,,,,,,,,,,,,,,,,383.01523260003887,384.0152082000277,left,0.41537080000853166,384.7860479000374,None,384.7860479000374,None,384.7860479000374,None,,,4,001,2021_Dec_04_1206,Behavioural experiment project,2021.2.3,143.89690075418423,
6,unconscious,0.015,right,rightArrow.png,3.59,,,,,0,11,11,5,,,,,,,,,,,,,,,,,,,,,,,,,,,,,385.7234686000156,386.7235348999966,right,0.23167529999045655,388.8138316000113,None,388.8138316000113,None,388.8138316000113,None,,,4,001,2021_Dec_04_1206,Behavioural experiment project,2021.2.3,143.89690075418423,
72,conscious,1,left,leftArrow.png,3.16,,,,,0,12,12,71,,,,,,,,,,,,,,,,,,,,,,,,,,,,,389.5707345000119,390.5707175999996,left,0.3230961000081152,392.23042770003667,None,392.23042770003667,None,392.23042770003667,None,,,4,001,2021_Dec_04_1206,Behavioural experiment project,2021.2.3,143.89690075418423,
79,conscious,1,left,leftArrow.png,2.54,,,,,0,13,13,78,,,,,,,,,,,,,,,,,,,,,,,,,,,,,393.0776471000281,394.0776407000376,left,0.46615160000510514,395.1193083000253,None,395.1193083000253,None,395.1193083000253,None,,,4,001,2021_Dec_04_1206,Behavioural experiment project,2021.2.3,143.89690075418423,
54,conscious,1,right,rightArrow.png,2.5,,,,,0,14,14,53,,,,,,,,,,,,,,,,,,,,,,,,,,,,,396.10540080000646,397.1053906000452,right,0.3819970000186004,398.10539410001365,None,398.10539410001365,None,398.10539410001365,None,,,4,001,2021_Dec_04_1206,Behavioural experiment project,2021.2.3,143.89690075418423,
16,unconscious,0.015,right,rightArrow.png,2.87,,,,,0,15,15,15,,,,,,,,,,,,,,,,,,,,,,,,,,,,,399.0081439000205,400.00814280001214,right,0.49428340001031756,401.37619410001207,None,401.37619410001207,None,401.37619410001207,None,,,4,001,2021_Dec_04_1206,Behavioural experiment project,2021.2.3,143.89690075418423,
1,unconscious,0.015,right,rightArrow.png,2.59,,,,,0,16,16,0,,,,,,,,,,,,,,,,,,,,,,,,,,,,,402.39006679999875,403.3900700000231,left,0.2870923000155017,404.48034060001373,None,404.48034060001373,401.8970304999966,404.48034060001373,401.8970304999966,,,4,001,2021_Dec_04_1206,Behavioural experiment project,2021.2.3,143.89690075418423,
44,conscious,1,right,rightArrow.png,2.5,,,,,0,17,17,43,,,,,,,,,,,,,,,,,,,,,,,,,,,,,405.2928179000155,406.29282400000375,right,0.341629600035958,407.2928176000132,None,407.2928176000132,None,407.2928176000132,None,,,4,001,2021_Dec_04_1206,Behavioural experiment project,2021.2.3,143.89690075418423,
70,conscious,1,left,leftArrow.png,3.16,,,,,0,18,18,69,,,,,,,,,,,,,,,,,,,,,,,,,,,,,408.1608658999903,409.16086110001197,left,0.3929424000089057,410.8205689000315,None,410.8205689000315,None,410.8205689000315,None,,,4,001,2021_Dec_04_1206,Behavioural experiment project,2021.2.3,143.89690075418423,
73,conscious,1,left,leftArrow.png,2.68,,,,,0,19,19,72,,,,,,,,,,,,,,,,,,,,,,,,,,,,,411.73725090001244,412.7372301000287,left,0.5527835999964736,413.9177864000085,None,413.9177864000085,414.41775520000374,413.9177864000085,414.41775520000374,,,4,001,2021_Dec_04_1206,Behavioural experiment project,2021.2.3,143.89690075418423,
39,unconscious,0.015,left,leftArrow.png,2.58,,,,,0,20,20,38,,,,,,,,,,,,,,,,,,,,,,,,,,,,,414.99415290000616,415.9941381000099,right,0.44603960000677034,417.0774771000142,None,417.0774771000142,None,417.0774771000142,None,,,4,001,2021_Dec_04_1206,Behavioural experiment project,2021.2.3,143.89690075418423,
10,unconscious,0.015,right,rightArrow.png,3.29,,,,,0,21,21,9,,,,,,,,,,,,,,,,,,,,,,,,,,,,,418.0427423000219,419.0427309999941,right,0.6181501999963075,420.8343826000346,None,420.8343826000346,421.33436770003755,420.8343826000346,421.33436770003755,,,4,001,2021_Dec_04_1206,Behavioural experiment project,2021.2.3,143.89690075418423,
3,unconscious,0.015,right,rightArrow.png,2.6,,,,,0,22,22,2,,,,,,,,,,,,,,,,,,,,,,,,,,,,,421.97325949999504,422.973238400009,left,0.6281058000167832,424.0774177000276,None,424.0774177000276,424.57740010001,424.0774177000276,424.57740010001,,,4,001,2021_Dec_04_1206,Behavioural experiment project,2021.2.3,143.89690075418423,
34,unconscious,0.015,left,leftArrow.png,2.88,,,,,0,23,23,33,,,,,,,,,,,,,,,,,,,,,,,,,,,,,425.23018250003224,426.2301778999972,right,0.5463334000087343,427.61210940004094,None,427.61210940004094,428.1121080000303,427.61210940004094,428.1121080000303,,,4,001,2021_Dec_04_1206,Behavioural experiment project,2021.2.3,143.89690075418423,
30,unconscious,0.015,left,leftArrow.png,2.42,,,,,0,24,24,29,,,,,,,,,,,,,,,,,,,,,,,,,,,,,428.68849130003946,429.68848070001695,left,0.41044279997004196,430.6051668000291,None,430.6051668000291,None,430.6051668000291,None,,,4,001,2021_Dec_04_1206,Behavioural experiment project,2021.2.3,143.89690075418423,
7,unconscious,0.015,right,rightArrow.png,2.71,,,,,0,25,25,6,,,,,,,,,,,,,,,,,,,,,,,,,,,,,431.53568890003953,432.5356743000448,right,0.4514899000059813,433.75096420000773,None,433.75096420000773,None,433.75096420000773,None,,,4,001,2021_Dec_04_1206,Behavioural experiment project,2021.2.3,143.89690075418423,
28,unconscious,0.015,left,leftArrow.png,2.6,,,,,0,26,26,27,,,,,,,,,,,,,,,,,,,,,,,,,,,,,434.72316759999376,435.7231342000305,right,0.37822119996417314,436.827325500024,None,436.827325500024,None,436.827325500024,None,,,4,001,2021_Dec_04_1206,Behavioural experiment project,2021.2.3,143.89690075418423,
69,conscious,1,left,leftArrow.png,3.27,,,,,0,27,27,68,,,,,,,,,,,,,,,,,,,,,,,,,,,,,437.7300902000279,438.7300718000042,left,0.44854740001028404,440.50090099999215,None,440.50090099999215,None,440.50090099999215,None,,,4,001,2021_Dec_04_1206,Behavioural experiment project,2021.2.3,143.89690075418423,
48,conscious,1,right,rightArrow.png,2.28,,,,,0,28,28,47,,,,,,,,,,,,,,,,,,,,,,,,,,,,,441.47309340001084,442.47310730000027,right,0.43963460001396015,443.250922700041,None,443.250922700041,None,443.250922700041,None,,,4,001,2021_Dec_04_1206,Behavioural experiment project,2021.2.3,143.89690075418423,
14,unconscious,0.015,right,rightArrow.png,2.76,,,,,0,29,29,13,,,,,,,,,,,,,,,,,,,,,,,,,,,,,444.21617090003565,445.216167400009,left,0.558601800003089,446.48001280002063,None,446.48001280002063,446.98003010003595,446.48001280002063,446.98003010003595,,,4,001,2021_Dec_04_1206,Behavioural experiment project,2021.2.3,143.89690075418423,
45,conscious,1,right,rightArrow.png,3.69,,,,,0,30,30,44,,,,,,,,,,,,,,,,,,,,,,,,,,,,,447.56335370003944,448.5633367000264,right,0.3407316000084393,450.75776970002335,None,450.75776970002335,None,450.75776970002335,None,,,4,001,2021_Dec_04_1206,Behavioural experiment project,2021.2.3,143.89690075418423,
50,conscious,1,right,rightArrow.png,2.77,,,,,0,31,31,49,,,,,,,,,,,,,,,,,,,,,,,,,,,,,451.6188651000266,452.61886440002127,right,0.4567318000481464,453.8896869000164,None,453.8896869000164,None,453.8896869000164,None,,,4,001,2021_Dec_04_1206,Behavioural experiment project,2021.2.3,143.89690075418423,
76,conscious,1,left,leftArrow.png,3.28,,,,,0,32,32,75,,,,,,,,,,,,,,,,,,,,,,,,,,,,,454.868847500009,455.86885000002803,left,0.5188041000510566,457.64661150000757,None,457.64661150000757,458.1466062000254,457.64661150000757,458.1466062000254,,,4,001,2021_Dec_04_1206,Behavioural experiment project,2021.2.3,143.89690075418423,
57,conscious,1,right,rightArrow.png,3.48,,,,,0,33,33,56,,,,,,,,,,,,,,,,,,,,,,,,,,,,,458.68828230001964,459.6882604000275,right,0.3320184000185691,461.6674169000471,None,461.6674169000471,None,461.6674169000471,None,,,4,001,2021_Dec_04_1206,Behavioural experiment project,2021.2.3,143.89690075418423,
62,conscious,1,left,leftArrow.png,3.67,,,,,0,34,34,61,,,,,,,,,,,,,,,,,,,,,,,,,,,,,462.5215783000458,463.5215654000058,left,0.5042988000204787,465.6951555000269,None,465.6951555000269,466.1951648000395,465.6951555000269,466.1951648000395,,,4,001,2021_Dec_04_1206,Behavioural experiment project,2021.2.3,143.89690075418423,
40,unconscious,0.015,left,leftArrow.png,3.09,,,,,0,35,35,39,,,,,,,,,,,,,,,,,,,,,,,,,,,,,466.72292600001674,467.72290809999686,right,0.5192314999876544,469.3131880000001,None,469.3131880000001,469.8131518000155,469.3131880000001,469.8131518000155,,,4,001,2021_Dec_04_1206,Behavioural experiment project,2021.2.3,143.89690075418423,
17,unconscious,0.015,right,rightArrow.png,3.37,,,,,0,36,36,16,,,,,,,,,,,,,,,,,,,,,,,,,,,,,470.3548442000174,471.35482520004734,left,0.5876068999641575,473.2298123000073,None,473.2298123000073,473.72981410002103,473.2298123000073,473.72981410002103,,,4,001,2021_Dec_04_1206,Behavioural experiment project,2021.2.3,143.89690075418423,
5,unconscious,0.015,right,rightArrow.png,2.29,,,,,0,37,37,4,,,,,,,,,,,,,,,,,,,,,,,,,,,,,474.340920000046,475.34091530001024,right,0.5119316000491381,476.1325623000157,None,476.1325623000157,476.6325716000283,476.1325623000157,476.6325716000283,,,4,001,2021_Dec_04_1206,Behavioural experiment project,2021.2.3,143.89690075418423,
29,unconscious,0.015,left,leftArrow.png,3.71,,,,,0,38,38,28,,,,,,,,,,,,,,,,,,,,,,,,,,,,,477.1673074000282,478.16730030003237,left,0.3759293000330217,480.38254050002433,None,480.38254050002433,None,480.38254050002433,None,,,4,001,2021_Dec_04_1206,Behavioural experiment project,2021.2.3,143.89690075418423,
80,conscious,1,left,leftArrow.png,2.66,,,,,0,39,39,79,,,,,,,,,,,,,,,,,,,,,,,,,,,,,481.27836970001226,482.2783616000088,left,0.5733993000467308,483.4380829000147,None,483.4380829000147,483.9380736000021,483.4380829000147,483.9380736000021,,,4,001,2021_Dec_04_1206,Behavioural experiment project,2021.2.3,143.89690075418423,
38,unconscious,0.015,left,leftArrow.png,3.39,,,,,0,40,40,37,,,,,,,,,,,,,,,,,,,,,,,,,,,,,484.53529090003576,485.5352815000224,right,0.36626369995065033,487.4241771000088,None,487.4241771000088,None,487.4241771000088,None,,,4,001,2021_Dec_04_1206,Behavioural experiment project,2021.2.3,143.89690075418423,
59,conscious,1,right,rightArrow.png,3.2,,,,,0,41,41,58,,,,,,,,,,,,,,,,,,,,,,,,,,,,,488.31303570000455,489.31304370000726,right,0.4201469999970868,491.0144132000278,None,491.0144132000278,None,491.0144132000278,None,,,4,001,2021_Dec_04_1206,Behavioural experiment project,2021.2.3,143.89690075418423,
19,unconscious,0.015,right,rightArrow.png,3.25,,,,,0,42,42,18,,,,,,,,,,,,,,,,,,,,,,,,,,,,,491.95883340004366,492.9588317000307,left,0.40958480001427233,494.7088305000216,None,494.7088305000216,None,494.7088305000216,None,,,4,001,2021_Dec_04_1206,Behavioural experiment project,2021.2.3,143.89690075418423,
22,unconscious,0.015,left,leftArrow.png,2.91,,,,,0,43,43,21,,,,,,,,,,,,,,,,,,,,,,,,,,,,,495.6393761000363,496.63936560001457,right,0.4473481000168249,498.0490815000376,None,498.0490815000376,None,498.0490815000376,None,,,4,001,2021_Dec_04_1206,Behavioural experiment project,2021.2.3,143.89690075418423,
11,unconscious,0.015,right,rightArrow.png,2.45,,,,,0,44,44,10,,,,,,,,,,,,,,,,,,,,,,,,,,,,,499.02129609999247,500.0212844000198,left,0.45079380000242963,500.97267160000047,None,500.97267160000047,None,500.97267160000047,None,,,4,001,2021_Dec_04_1206,Behavioural experiment project,2021.2.3,143.89690075418423,
56,conscious,1,right,rightArrow.png,2.26,,,,,0,45,45,55,,,,,,,,,,,,,,,,,,,,,,,,,,,,,501.94487930001924,502.9448657000321,right,0.4558040999691002,503.7087696000235,None,503.7087696000235,None,503.7087696000235,None,,,4,001,2021_Dec_04_1206,Behavioural experiment project,2021.2.3,143.89690075418423,
75,conscious,1,left,leftArrow.png,2.76,,,,,0,46,46,74,,,,,,,,,,,,,,,,,,,,,,,,,,,,,504.6879201999982,505.68792450003093,left,0.2626071000122465,506.94484250003006,None,506.94484250003006,None,506.94484250003006,None,,,4,001,2021_Dec_04_1206,Behavioural experiment project,2021.2.3,143.89690075418423,
23,unconscious,0.015,left,leftArrow.png,3.64,,,,,0,47,47,22,,,,,,,,,,,,,,,,,,,,,,,,,,,,,507.72956050001085,508.7295599000063,right,0.2731418999610469,510.86842620000243,None,510.86842620000243,None,510.86842620000243,None,,,4,001,2021_Dec_04_1206,Behavioural experiment project,2021.2.3,143.89690075418423,
21,unconscious,0.015,left,leftArrow.png,3.59,,,,,0,48,48,20,,,,,,,,,,,,,,,,,,,,,,,,,,,,,511.6670317000244,512.6670205999981,right,0.36330350005300716,514.7572939000092,None,514.7572939000092,None,514.7572939000092,None,,,4,001,2021_Dec_04_1206,Behavioural experiment project,2021.2.3,143.89690075418423,
74,conscious,1,left,leftArrow.png,2.73,,,,,0,49,49,73,,,,,,,,,,,,,,,,,,,,,,,,,,,,,515.6461706000264,516.6461587999947,left,0.3082612000289373,517.8753276999923,None,517.8753276999923,None,517.8753276999923,None,,,4,001,2021_Dec_04_1206,Behavioural experiment project,2021.2.3,143.89690075418423,
12,unconscious,0.015,right,rightArrow.png,3.07,,,,,0,50,50,11,,,,,,,,,,,,,,,,,,,,,,,,,,,,,518.7086454000091,519.7086359999957,right,0.47841219999827445,521.2780707000056,None,521.2780707000056,None,521.2780707000056,None,,,4,001,2021_Dec_04_1206,Behavioural experiment project,2021.2.3,143.89690075418423,
26,unconscious,0.015,left,leftArrow.png,2.58,,,,,0,51,51,25,,,,,,,,,,,,,,,,,,,,,,,,,,,,,522.2780717000132,523.2780535999918,right,0.4070717999711633,524.3613834000425,None,524.3613834000425,None,524.3613834000425,None,,,4,001,2021_Dec_04_1206,Behavioural experiment project,2021.2.3,143.89690075418423,
8,unconscious,0.015,right,rightArrow.png,2.57,,,,,0,52,52,7,,,,,,,,,,,,,,,,,,,,,,,,,,,,,525.2919284999953,526.2919218000025,left,0.3091036999830976,527.3613515000325,None,527.3613515000325,None,527.3613515000325,None,,,4,001,2021_Dec_04_1206,Behavioural experiment project,2021.2.3,143.89690075418423,
33,unconscious,0.015,left,leftArrow.png,2.68,,,,,0,53,53,32,,,,,,,,,,,,,,,,,,,,,,,,,,,,,528.1946845999919,529.1946865000064,right,0.28734540002187714,530.3752315000165,None,530.3752315000165,None,530.3752315000165,None,,,4,001,2021_Dec_04_1206,Behavioural experiment project,2021.2.3,143.89690075418423,
9,unconscious,0.015,right,rightArrow.png,2.97,,,,,0,54,54,8,,,,,,,,,,,,,,,,,,,,,,,,,,,,,531.1877391000162,532.1877115000389,left,0.2506677000201307,533.6599233000306,None,533.6599233000306,None,533.6599233000306,None,,,4,001,2021_Dec_04_1206,Behavioural experiment project,2021.2.3,143.89690075418423,
67,conscious,1,left,leftArrow.png,3.4,,,,,0,55,55,66,,,,,,,,,,,,,,,,,,,,,,,,,,,,,534.4307484000456,535.4307421999983,right,0.2958799000480212,537.3335284999921,None,537.3335284999921,None,537.3335284999921,None,,,4,001,2021_Dec_04_1206,Behavioural experiment project,2021.2.3,143.89690075418423,
68,conscious,1,left,leftArrow.png,2.97,,,,,0,56,56,67,,,,,,,,,,,,,,,,,,,,,,,,,,,,,538.1529355000239,539.1529370000353,left,0.4472966999746859,540.6251526999986,None,540.6251526999986,None,540.6251526999986,None,,,4,001,2021_Dec_04_1206,Behavioural experiment project,2021.2.3,143.89690075418423,
35,unconscious,0.015,left,leftArrow.png,3.55,,,,,0,57,57,34,,,,,,,,,,,,,,,,,,,,,,,,,,,,,541.5973617000272,542.597361800028,left,0.6216906000045128,544.6459474000148,None,544.6459474000148,545.1459468000103,544.6459474000148,545.1459468000103,,,4,001,2021_Dec_04_1206,Behavioural experiment project,2021.2.3,143.89690075418423,
51,conscious,1,right,rightArrow.png,2.34,,,,,0,58,58,50,,,,,,,,,,,,,,,,,,,,,,,,,,,,,545.7917758999974,546.7917688000016,right,0.3476432000170462,547.632052400033,None,547.632052400033,None,547.632052400033,None,,,4,001,2021_Dec_04_1206,Behavioural experiment project,2021.2.3,143.89690075418423,
78,conscious,1,left,leftArrow.png,2.91,,,,,0,59,59,77,,,,,,,,,,,,,,,,,,,,,,,,,,,,,548.5001034000306,549.5001433000434,left,0.3977700999821536,550.909856000042,None,550.909856000042,None,550.909856000042,None,,,4,001,2021_Dec_04_1206,Behavioural experiment project,2021.2.3,143.89690075418423,
58,conscious,1,right,rightArrow.png,2.78,,,,,0,60,60,57,,,,,,,,,,,,,,,,,,,,,,,,,,,,,551.8333903000457,552.8333851000061,right,0.3163792999694124,554.1181046999991,None,554.1181046999991,None,554.1181046999991,None,,,4,001,2021_Dec_04_1206,Behavioural experiment project,2021.2.3,143.89690075418423,
60,conscious,1,right,rightArrow.png,3.21,,,,,0,61,61,59,,,,,,,,,,,,,,,,,,,,,,,,,,,,,554.9583771000034,555.9584144999972,right,0.41685870004585013,557.6666860000114,None,557.6666860000114,None,557.6666860000114,None,,,4,001,2021_Dec_04_1206,Behavioural experiment project,2021.2.3,143.89690075418423,
41,conscious,1,right,rightArrow.png,3.65,,,,,0,62,62,40,,,,,,,,,,,,,,,,,,,,,,,,,,,,,558.6041926000034,559.6041712000151,right,0.35572180000599474,561.7569312000414,None,561.7569312000414,None,561.7569312000414,None,,,4,001,2021_Dec_04_1206,Behavioural experiment project,2021.2.3,143.89690075418423,
27,unconscious,0.015,left,leftArrow.png,2.59,,,,,0,63,63,26,,,,,,,,,,,,,,,,,,,,,,,,,,,,,562.6388707000297,563.6388638000353,left,0.5813334999838844,564.7291412000195,None,564.7291412000195,565.2291285000392,564.7291412000195,565.2291285000392,,,4,001,2021_Dec_04_1206,Behavioural experiment project,2021.2.3,143.89690075418423,
61,conscious,1,left,leftArrow.png,3.66,,,,,0,64,64,60,,,,,,,,,,,,,,,,,,,,,,,,,,,,,565.8333046000334,566.8332863000105,left,0.41266109998105094,568.9929873000365,None,568.9929873000365,None,568.9929873000365,None,,,4,001,2021_Dec_04_1206,Behavioural experiment project,2021.2.3,143.89690075418423,
77,conscious,1,left,leftArrow.png,2.44,,,,,0,65,65,76,,,,,,,,,,,,,,,,,,,,,,,,,,,,,569.9305112000438,570.9304778000223,left,0.4196345999953337,571.867972600041,None,571.867972600041,None,571.867972600041,None,,,4,001,2021_Dec_04_1206,Behavioural experiment project,2021.2.3,143.89690075418423,
24,unconscious,0.015,left,leftArrow.png,3.69,,,,,0,66,66,23,,,,,,,,,,,,,,,,,,,,,,,,,,,,,572.8123948000139,573.8124073999934,left,0.9436010000063106,575.9998849999974,None,575.9998849999974,576.4998665000312,575.9998849999974,576.4998665000312,,,4,001,2021_Dec_04_1206,Behavioural experiment project,2021.2.3,143.89690075418423,
2,unconscious,0.015,right,rightArrow.png,2.32,,,,,0,67,67,1,,,,,,,,,,,,,,,,,,,,,,,,,,,,,577.4651502000052,578.4651315000374,right,0.3998974999994971,579.2845805000397,None,579.2845805000397,None,579.2845805000397,None,,,4,001,2021_Dec_04_1206,Behavioural experiment project,2021.2.3,143.89690075418423,
20,unconscious,0.015,right,rightArrow.png,2.9,,,,,0,68,68,19,,,,,,,,,,,,,,,,,,,,,,,,,,,,,580.2081842999905,581.208178300003,left,0.5625869000214152,582.6109319000388,None,582.6109319000388,583.1109470000374,582.6109319000388,583.1109470000374,,,4,001,2021_Dec_04_1206,Behavioural experiment project,2021.2.3,143.89690075418423,
32,unconscious,0.015,left,leftArrow.png,2.32,,,,,0,69,69,31,,,,,,,,,,,,,,,,,,,,,,,,,,,,,583.6942608000245,584.6942598000169,left,0.646940500009805,585.5136941000237,None,585.5136941000237,586.0137001000112,585.5136941000237,586.0137001000112,,,4,001,2021_Dec_04_1206,Behavioural experiment project,2021.2.3,143.89690075418423,
18,unconscious,0.015,right,rightArrow.png,3.13,,,,,0,70,70,17,,,,,,,,,,,,,,,,,,,,,,,,,,,,,586.6803595999954,587.6803332000272,left,0.3112932000076398,589.3122314999928,None,589.3122314999928,None,589.3122314999928,None,,,4,001,2021_Dec_04_1206,Behavioural experiment project,2021.2.3,143.89690075418423,
65,conscious,1,left,leftArrow.png,3.04,,,,,0,71,71,64,,,,,,,,,,,,,,,,,,,,,,,,,,,,,590.1525346999988,591.1525811000029,left,0.36235429998487234,592.6942103000474,None,592.6942103000474,None,592.6942103000474,None,,,4,001,2021_Dec_04_1206,Behavioural experiment project,2021.2.3,143.89690075418423,
25,unconscious,0.015,left,leftArrow.png,3.58,,,,,0,72,72,24,,,,,,,,,,,,,,,,,,,,,,,,,,,,,593.5830834000371,594.5830919000437,left,0.4370710999937728,596.6594536000048,None,596.6594536000048,None,596.6594536000048,None,,,4,001,2021_Dec_04_1206,Behavioural experiment project,2021.2.3,143.89690075418423,
49,conscious,1,right,rightArrow.png,3.22,,,,,0,73,73,48,,,,,,,,,,,,,,,,,,,,,,,,,,,,,597.6177745000459,598.6177578000352,right,0.3396201999858022,600.3399773000274,None,600.3399773000274,None,600.3399773000274,None,,,4,001,2021_Dec_04_1206,Behavioural experiment project,2021.2.3,143.89690075418423,
4,unconscious,0.015,right,rightArrow.png,3.26,,,,,0,74,74,3,,,,,,,,,,,,,,,,,,,,,,,,,,,,,601.2010847000056,602.2010754999937,right,0.3637010999955237,603.9649357000017,None,603.9649357000017,None,603.9649357000017,None,,,4,001,2021_Dec_04_1206,Behavioural experiment project,2021.2.3,143.89690075418423,
53,conscious,1,right,rightArrow.png,2.5,,,,,0,75,75,52,,,,,,,,,,,,,,,,,,,,,,,,,,,,,604.8538302000379,605.8538358000224,right,0.3917910000309348,606.8538190000108,None,606.8538190000108,None,606.8538190000108,None,,,4,001,2021_Dec_04_1206,Behavioural experiment project,2021.2.3,143.89690075418423,
66,conscious,1,left,leftArrow.png,2.84,,,,,0,76,76,65,,,,,,,,,,,,,,,,,,,,,,,,,,,,,607.7704782999936,608.7704973000218,left,0.4728421999607235,610.1107423999929,None,610.1107423999929,None,610.1107423999929,None,,,4,001,2021_Dec_04_1206,Behavioural experiment project,2021.2.3,143.89690075418423,
46,conscious,1,right,rightArrow.png,2.65,,,,,0,77,77,45,,,,,,,,,,,,,,,,,,,,,,,,,,,,,611.1037885000114,612.1037826000247,right,0.29897259996505454,613.2565440000035,None,613.2565440000035,None,613.2565440000035,None,,,4,001,2021_Dec_04_1206,Behavioural experiment project,2021.2.3,143.89690075418423,
15,unconscious,0.015,right,rightArrow.png,3.45,,,,,0,78,78,14,,,,,,,,,,,,,,,,,,,,,,,,,,,,,614.0759941000142,615.0759736000327,right,0.31214920000638813,617.0273640000378,None,617.0273640000378,None,617.0273640000378,None,,,4,001,2021_Dec_04_1206,Behavioural experiment project,2021.2.3,143.89690075418423,
37,unconscious,0.015,left,leftArrow.png,2.7,,,,,0,79,79,36,,,,,,,,,,,,,,,,,,,,,,,,,,,,,617.8606770000188,618.8606532000122,right,0.4256549999699928,620.0620472000446,None,620.0620472000446,None,620.0620472000446,None,,,4,001,2021_Dec_04_1206,Behavioural experiment project,2021.2.3,143.89690075418423,
,,,,,,,,,,,,,,,,,,,,,,,,,,,,,,,,,,,,,,,,,,,,,,,,,,,,620.5064989000093,None,,,,,,,
