﻿trial,state,opacityLevel,direction,imagefile,onsetTime,trials.thisRepN,trials.thisTrialN,trials.thisN,trials.thisIndex,trials2.thisRepN,trials2.thisTrialN,trials2.thisN,trials2.thisIndex,instructions.started,instructions.stopped,key_resp_2.keys,key_resp_2.rt,key_resp_2.started,key_resp_2.stopped,text.started,text.stopped,key_resp_4.keys,key_resp_4.rt,key_resp_4.started,key_resp_4.stopped,fixation.started,fixation.stopped,key_resp_5.keys,key_resp_5.rt,key_resp_5.started,key_resp_5.stopped,arrowPractice.started,arrowPractice.stopped,circlePractice.started,circlePractice.stopped,text_3.started,text_3.stopped,key_resp_6.keys,key_resp_6.rt,key_resp_6.started,key_resp_6.stopped,fixation_point.started,fixation_point.stopped,key_resp.keys,key_resp.rt,key_resp.started,key_resp.stopped,arrowExperiment.started,arrowExperiment.stopped,circleExperiment.started,circleExperiment.stopped,text_2.started,text_2.stopped,participant,session,date,expName,psychopyVersion,frameRate,
,,,,,,,,,,,,,,24.032200900022872,None,left,29.103460000013,24.032200900022872,None,,,,,,,,,,,,,,,,,,,,,,,,,,,,,,,,,,,5,001,2021_Dec_09_1121,Behavioural experiment project,2021.2.3,143.86067366493938,
,,,,,,,,,,,,,,,,,,,,53.15466970007401,None,left,33.71118350001052,53.15466970007401,None,,,,,,,,,,,,,,,,,,,,,,,,,,,,,5,001,2021_Dec_09_1121,Behavioural experiment project,2021.2.3,143.86067366493938,
7,conscious,1,right,rightArrow.png,3.65,0,0,0,6,,,,,,,,,,,,,,,,,87.44611979997717,88.44610669999383,right,0.526581299956888,89.19610790000297,None,89.19610790000297,89.6961081000045,89.19610790000297,89.6961081000045,,,,,,,,,,,,,,,,,,,5,001,2021_Dec_09_1121,Behavioural experiment project,2021.2.3,143.86067366493938,
2,unconscious,0.015,right,rightArrow.png,3.59,0,1,1,1,,,,,,,,,,,,,,,,,90.25165760004893,91.25164600007702,None,,92.00164819997735,None,92.00164819997735,92.50164080003742,92.00164819997735,92.50164080003742,,,,,,,,,,,,,,,,,,,5,001,2021_Dec_09_1121,Behavioural experiment project,2021.2.3,143.86067366493938,
5,unconscious,0.015,left,leftArrow.png,3.69,0,2,2,4,,,,,,,,,,,,,,,,,93.51555450004525,94.51551910000853,None,,95.26551210007165,93.02942230005283,95.26551210007165,95.76552390004508,95.26551210007165,95.76552390004508,,,,,,,,,,,,,,,,,,,5,001,2021_Dec_09_1121,Behavioural experiment project,2021.2.3,143.86067366493938,
3,unconscious,0.015,right,rightArrow.png,2.97,0,3,3,2,,,,,,,,,,,,,,,,,96.77245430008043,97.77242310007568,None,,98.52243700006511,96.28633340005763,98.52243700006511,99.02248460007831,98.52243700006511,99.02248460007831,,,,,,,,,,,,,,,,,,,5,001,2021_Dec_09_1121,Behavioural experiment project,2021.2.3,143.86067366493938,
10,conscious,1,left,leftArrow.png,3.67,0,4,4,9,,,,,,,,,,,,,,,,,100.03631740005221,101.03631450003013,left,0.21553409995976835,101.78629680001177,99.54326619999483,101.78629680001177,None,101.78629680001177,None,,,,,,,,,,,,,,,,,,,5,001,2021_Dec_09_1121,Behavioural experiment project,2021.2.3,143.86067366493938,
11,conscious,1,left,leftArrow.png,3.16,0,5,5,10,,,,,,,,,,,,,,,,,102.52241119998507,103.52240530005656,left,0.2662600999465212,104.27239729999565,None,104.27239729999565,None,104.27239729999565,None,,,,,,,,,,,,,,,,,,,5,001,2021_Dec_09_1121,Behavioural experiment project,2021.2.3,143.86067366493938,
12,conscious,1,left,leftArrow.png,2.76,0,6,6,11,,,,,,,,,,,,,,,,,105.06406280002557,106.06405330006965,left,0.3256092000519857,106.81405200005975,None,106.81405200005975,None,106.81405200005975,None,,,,,,,,,,,,,,,,,,,5,001,2021_Dec_09_1121,Behavioural experiment project,2021.2.3,143.86067366493938,
1,unconscious,0.015,right,rightArrow.png,2.6,0,7,7,0,,,,,,,,,,,,,,,,,107.66127050004434,108.66126309998799,left,0.2595526999793947,109.41125750006177,None,109.41125750006177,None,109.41125750006177,None,,,,,,,,,,,,,,,,,,,5,001,2021_Dec_09_1121,Behavioural experiment project,2021.2.3,143.86067366493938,
6,unconscious,0.015,left,leftArrow.png,3.55,0,8,8,5,,,,,,,,,,,,,,,,,110.19596899999306,111.1959640000714,left,0.5256591000361368,111.94596220005769,None,111.94596220005769,112.44595790002495,111.94596220005769,112.44595790002495,,,,,,,,,,,,,,,,,,,5,001,2021_Dec_09_1121,Behavioural experiment project,2021.2.3,143.86067366493938,
8,conscious,1,right,rightArrow.png,2.65,0,9,9,7,,,,,,,,,,,,,,,,,112.99455800000578,113.99456120003015,right,0.24808509997092187,114.74456630006898,None,114.74456630006898,None,114.74456630006898,None,,,,,,,,,,,,,,,,,,,5,001,2021_Dec_09_1121,Behavioural experiment project,2021.2.3,143.86067366493938,
9,conscious,1,right,rightArrow.png,2.34,0,10,10,8,,,,,,,,,,,,,,,,,115.5153870000504,116.5153778999811,right,0.2643343999516219,117.26538300001994,None,117.26538300001994,None,117.26538300001994,None,,,,,,,,,,,,,,,,,,,5,001,2021_Dec_09_1121,Behavioural experiment project,2021.2.3,143.86067366493938,
4,unconscious,0.015,left,leftArrow.png,3.59,0,11,11,3,,,,,,,,,,,,,,,,,118.05009829998016,119.05008259997703,right,0.35062549996655434,119.8000757000409,None,119.8000757000409,None,119.8000757000409,None,,,,,,,,,,,,,,,,,,,5,001,2021_Dec_09_1121,Behavioural experiment project,2021.2.3,143.86067366493938,
,,,,,,,,,,,,,,,,,,,,,,,,,,,,,,,,,,,,120.16813610005192,None,right,1.8916695000370964,120.16813610005192,None,,,,,,,,,,,,,5,001,2021_Dec_09_1121,Behavioural experiment project,2021.2.3,143.86067366493938,
77,conscious,1,left,leftArrow.png,2.44,,,,,0,0,0,76,,,,,,,,,,,,,,,,,,,,,,,,,,,,,122.6334112000186,123.63339169998653,left,0.30082859995309263,124.57089159998577,None,124.57089159998577,None,124.57089159998577,None,,,5,001,2021_Dec_09_1121,Behavioural experiment project,2021.2.3,143.86067366493938,
70,conscious,1,left,leftArrow.png,3.16,,,,,0,1,1,69,,,,,,,,,,,,,,,,,,,,,,,,,,,,,125.3972734999843,126.39726130000781,left,0.28273970005102456,128.0569710000418,None,128.0569710000418,None,128.0569710000418,None,,,5,001,2021_Dec_09_1121,Behavioural experiment project,2021.2.3,143.86067366493938,
25,unconscious,0.015,left,leftArrow.png,3.58,,,,,0,2,2,24,,,,,,,,,,,,,,,,,,,,,,,,,,,,,128.8625268000178,129.8625092000002,left,0.19976660003885627,131.93888570007402,None,131.93888570007402,None,131.93888570007402,None,,,5,001,2021_Dec_09_1121,Behavioural experiment project,2021.2.3,143.86067366493938,
44,conscious,1,right,rightArrow.png,2.5,,,,,0,3,3,43,,,,,,,,,,,,,,,,,,,,,,,,,,,,,132.66114320000634,133.66116520005744,right,0.36979749996680766,134.66109649999999,None,134.66109649999999,None,134.66109649999999,None,,,5,001,2021_Dec_09_1121,Behavioural experiment project,2021.2.3,143.86067366493938,
16,unconscious,0.015,right,rightArrow.png,2.87,,,,,0,4,4,15,,,,,,,,,,,,,,,,,,,,,,,,,,,,,135.5500007000519,136.54996640002355,left,0.3006912999553606,137.91801939997822,None,137.91801939997822,None,137.91801939997822,None,,,5,001,2021_Dec_09_1121,Behavioural experiment project,2021.2.3,143.86067366493938,
29,unconscious,0.015,left,leftArrow.png,3.71,,,,,0,5,5,28,,,,,,,,,,,,,,,,,,,,,,,,,,,,,138.74438300007023,139.74440770002548,right,0.3049487000098452,141.952727099997,None,141.952727099997,None,141.952727099997,None,,,5,001,2021_Dec_09_1121,Behavioural experiment project,2021.2.3,143.86067366493938,
71,conscious,1,left,leftArrow.png,3.25,,,,,0,6,6,70,,,,,,,,,,,,,,,,,,,,,,,,,,,,,142.7790982000297,143.77909319999162,left,0.2825957000022754,145.52908200002275,None,145.52908200002275,None,145.52908200002275,None,,,5,001,2021_Dec_09_1121,Behavioural experiment project,2021.2.3,143.86067366493938,
28,unconscious,0.015,left,leftArrow.png,2.6,,,,,0,7,7,27,,,,,,,,,,,,,,,,,,,,,,,,,,,,,146.3346382000018,147.3346350999782,left,0.4568079999880865,148.43187309999485,None,148.43187309999485,None,148.43187309999485,None,,,5,001,2021_Dec_09_1121,Behavioural experiment project,2021.2.3,143.86067366493938,
1,unconscious,0.015,right,rightArrow.png,2.59,,,,,0,8,8,0,,,,,,,,,,,,,,,,,,,,,,,,,,,,,149.41100369999185,150.41099770006258,left,0.4255340000381693,151.5012653999729,None,151.5012653999729,None,151.5012653999729,None,,,5,001,2021_Dec_09_1121,Behavioural experiment project,2021.2.3,143.86067366493938,
47,conscious,1,right,rightArrow.png,2.26,,,,,0,9,9,46,,,,,,,,,,,,,,,,,,,,,,,,,,,,,152.45265200000722,153.45263529999647,right,0.3132441999623552,154.20957690000068,None,154.20957690000068,None,154.20957690000068,None,,,5,001,2021_Dec_09_1121,Behavioural experiment project,2021.2.3,143.86067366493938,
62,conscious,1,left,leftArrow.png,3.67,,,,,0,10,10,61,,,,,,,,,,,,,,,,,,,,,,,,,,,,,155.0429338000249,156.04291349998675,right,0.2722168000182137,158.2095668000402,None,158.2095668000402,None,158.2095668000402,None,,,5,001,2021_Dec_09_1121,Behavioural experiment project,2021.2.3,143.86067366493938,
58,conscious,1,right,rightArrow.png,2.78,,,,,0,11,11,57,,,,,,,,,,,,,,,,,,,,,,,,,,,,,159.0012382999994,160.00121200003196,left,0.24965290003456175,161.27899150003213,None,161.27899150003213,None,161.27899150003213,None,,,5,001,2021_Dec_09_1121,Behavioural experiment project,2021.2.3,143.86067366493938,
27,unconscious,0.015,left,leftArrow.png,2.59,,,,,0,12,12,26,,,,,,,,,,,,,,,,,,,,,,,,,,,,,162.04981970007066,163.04980729997624,left,0.4468321999302134,164.14007660001516,None,164.14007660001516,None,164.14007660001516,None,,,5,001,2021_Dec_09_1121,Behavioural experiment project,2021.2.3,143.86067366493938,
66,conscious,1,left,leftArrow.png,2.84,,,,,0,13,13,65,,,,,,,,,,,,,,,,,,,,,,,,,,,,,165.1122955000028,166.11227310006507,left,0.29113860009238124,167.4525522000622,None,167.4525522000622,None,167.4525522000622,None,,,5,001,2021_Dec_09_1121,Behavioural experiment project,2021.2.3,143.86067366493938,
72,conscious,1,left,leftArrow.png,3.16,,,,,0,14,14,71,,,,,,,,,,,,,,,,,,,,,,,,,,,,,168.26504760002717,169.2650444000028,left,0.34808399993926287,170.924789300072,None,170.924789300072,None,170.924789300072,None,,,5,001,2021_Dec_09_1121,Behavioural experiment project,2021.2.3,143.86067366493938,
53,conscious,1,right,rightArrow.png,2.5,,,,,0,15,15,52,,,,,,,,,,,,,,,,,,,,,,,,,,,,,171.79286919999868,172.7927922999952,right,0.31096070003695786,173.7927909999853,None,173.7927909999853,None,173.7927909999853,None,,,5,001,2021_Dec_09_1121,Behavioural experiment project,2021.2.3,143.86067366493938,
30,unconscious,0.015,left,leftArrow.png,2.42,,,,,0,16,16,29,,,,,,,,,,,,,,,,,,,,,,,,,,,,,174.62611419998575,175.62611269997433,left,0.49104560003615916,176.54971960000694,None,176.54971960000694,None,176.54971960000694,None,,,5,001,2021_Dec_09_1121,Behavioural experiment project,2021.2.3,143.86067366493938,
80,conscious,1,left,leftArrow.png,2.66,,,,,0,17,17,79,,,,,,,,,,,,,,,,,,,,,,,,,,,,,177.5636102000717,178.56358860002365,left,0.35044840001501143,179.72330469998997,None,179.72330469998997,177.0705530999694,179.72330469998997,177.0705530999694,,,5,001,2021_Dec_09_1121,Behavioural experiment project,2021.2.3,143.86067366493938,
79,conscious,1,left,leftArrow.png,2.54,,,,,0,18,18,78,,,,,,,,,,,,,,,,,,,,,,,,,,,,,180.5983005000744,181.5982898999937,left,0.26975279999896884,182.6399854000192,None,182.6399854000192,None,182.6399854000192,None,,,5,001,2021_Dec_09_1121,Behavioural experiment project,2021.2.3,143.86067366493938,
22,unconscious,0.015,left,leftArrow.png,2.91,,,,,0,19,19,21,,,,,,,,,,,,,,,,,,,,,,,,,,,,,183.43161930004135,184.43160220002756,left,0.3865256999852136,185.84132070001215,None,185.84132070001215,None,185.84132070001215,None,,,5,001,2021_Dec_09_1121,Behavioural experiment project,2021.2.3,143.86067366493938,
41,conscious,1,right,rightArrow.png,3.65,,,,,0,20,20,40,,,,,,,,,,,,,,,,,,,,,,,,,,,,,186.75104600004852,187.7510256000096,right,0.36892949999310076,189.9037965000607,None,189.9037965000607,None,189.9037965000607,None,,,5,001,2021_Dec_09_1121,Behavioural experiment project,2021.2.3,143.86067366493938,
12,unconscious,0.015,right,rightArrow.png,3.07,,,,,0,21,21,11,,,,,,,,,,,,,,,,,,,,,,,,,,,,,190.79269600007683,191.79267730005085,right,0.5246682999422774,193.36211270000786,None,193.36211270000786,193.86211139999796,193.36211270000786,193.86211139999796,,,5,001,2021_Dec_09_1121,Behavioural experiment project,2021.2.3,143.86067366493938,
75,conscious,1,left,leftArrow.png,2.76,,,,,0,22,22,74,,,,,,,,,,,,,,,,,,,,,,,,,,,,,194.4107182000298,195.4107063000556,left,0.2512589000398293,196.66765269997995,None,196.66765269997995,None,196.66765269997995,None,,,5,001,2021_Dec_09_1121,Behavioural experiment project,2021.2.3,143.86067366493938,
61,conscious,1,left,leftArrow.png,3.66,,,,,0,23,23,60,,,,,,,,,,,,,,,,,,,,,,,,,,,,,197.44541380007286,198.44542020000517,left,0.3525991999777034,200.60512159997597,None,200.60512159997597,None,200.60512159997597,None,,,5,001,2021_Dec_09_1121,Behavioural experiment project,2021.2.3,143.86067366493938,
56,conscious,1,right,rightArrow.png,2.26,,,,,0,24,24,55,,,,,,,,,,,,,,,,,,,,,,,,,,,,,201.4801596000325,202.48010470008012,right,0.31072169996332377,203.24398680008017,None,203.24398680008017,None,203.24398680008017,None,,,5,001,2021_Dec_09_1121,Behavioural experiment project,2021.2.3,143.86067366493938,
57,conscious,1,right,rightArrow.png,3.48,,,,,0,25,25,56,,,,,,,,,,,,,,,,,,,,,,,,,,,,,204.0773204000434,205.07730520004407,right,0.2422371000284329,207.05648729996756,None,207.05648729996756,None,207.05648729996756,None,,,5,001,2021_Dec_09_1121,Behavioural experiment project,2021.2.3,143.86067366493938,
31,unconscious,0.015,left,leftArrow.png,3.01,,,,,0,26,26,30,,,,,,,,,,,,,,,,,,,,,,,,,,,,,207.82038190006278,208.82035300007556,left,0.41943929996341467,210.32726839999668,None,210.32726839999668,None,210.32726839999668,None,,,5,001,2021_Dec_09_1121,Behavioural experiment project,2021.2.3,143.86067366493938,
33,unconscious,0.015,left,leftArrow.png,2.68,,,,,0,27,27,32,,,,,,,,,,,,,,,,,,,,,,,,,,,,,211.27174039999954,212.27168970007915,right,0.4465531000168994,213.4522685999982,None,213.4522685999982,None,213.4522685999982,None,,,5,001,2021_Dec_09_1121,Behavioural experiment project,2021.2.3,143.86067366493938,
48,conscious,1,right,rightArrow.png,2.28,,,,,0,28,28,47,,,,,,,,,,,,,,,,,,,,,,,,,,,,,214.42447620001622,215.42442230007146,right,0.30858640000224113,216.20225860003848,None,216.20225860003848,None,216.20225860003848,None,,,5,001,2021_Dec_09_1121,Behavioural experiment project,2021.2.3,143.86067366493938,
24,unconscious,0.015,left,leftArrow.png,3.69,,,,,0,29,29,23,,,,,,,,,,,,,,,,,,,,,,,,,,,,,217.03556900005788,218.03556520002894,right,0.3867454999126494,220.22304860001896,None,220.22304860001896,None,220.22304860001896,None,,,5,001,2021_Dec_09_1121,Behavioural experiment project,2021.2.3,143.86067366493938,
3,unconscious,0.015,right,rightArrow.png,2.6,,,,,0,30,30,2,,,,,,,,,,,,,,,,,,,,,,,,,,,,,221.1327630999731,222.13276369997766,right,0.4059698999626562,223.23692920000758,None,223.23692920000758,None,223.23692920000758,None,,,5,001,2021_Dec_09_1121,Behavioural experiment project,2021.2.3,143.86067366493938,
39,unconscious,0.015,left,leftArrow.png,2.58,,,,,0,31,31,38,,,,,,,,,,,,,,,,,,,,,,,,,,,,,224.16745810001157,225.1674685999751,right,0.3359696000115946,226.24389549996704,None,226.24389549996704,None,226.24389549996704,None,,,5,001,2021_Dec_09_1121,Behavioural experiment project,2021.2.3,143.86067366493938,
23,unconscious,0.015,left,leftArrow.png,3.64,,,,,0,32,32,22,,,,,,,,,,,,,,,,,,,,,,,,,,,,,227.10494140000083,228.10493929998484,right,0.4699186999350786,230.24382490001153,None,230.24382490001153,None,230.24382490001153,None,,,5,001,2021_Dec_09_1121,Behavioural experiment project,2021.2.3,143.86067366493938,
46,conscious,1,right,rightArrow.png,2.65,,,,,0,33,33,45,,,,,,,,,,,,,,,,,,,,,,,,,,,,,231.23686830000952,232.23686319997068,right,0.3190398000879213,233.38268440007232,None,233.38268440007232,None,233.38268440007232,None,,,5,001,2021_Dec_09_1121,Behavioural experiment project,2021.2.3,143.86067366493938,
38,unconscious,0.015,left,leftArrow.png,3.39,,,,,0,34,34,37,,,,,,,,,,,,,,,,,,,,,,,,,,,,,234.22297330002766,235.2229458000511,left,0.37891330011188984,237.11182650004048,None,237.11182650004048,None,237.11182650004048,None,,,5,001,2021_Dec_09_1121,Behavioural experiment project,2021.2.3,143.86067366493938,
51,conscious,1,right,rightArrow.png,2.34,,,,,0,35,35,50,,,,,,,,,,,,,,,,,,,,,,,,,,,,,238.0145914000459,239.01459739997517,right,0.26187120005488396,239.85485980007797,None,239.85485980007797,None,239.85485980007797,None,,,5,001,2021_Dec_09_1121,Behavioural experiment project,2021.2.3,143.86067366493938,
50,conscious,1,right,rightArrow.png,2.77,,,,,0,36,36,49,,,,,,,,,,,,,,,,,,,,,,,,,,,,,240.63956899999175,241.63958810002077,right,0.3484860999742523,242.91039830003865,None,242.91039830003865,None,242.91039830003865,None,,,5,001,2021_Dec_09_1121,Behavioural experiment project,2021.2.3,143.86067366493938,
73,conscious,1,left,leftArrow.png,2.68,,,,,0,37,37,72,,,,,,,,,,,,,,,,,,,,,,,,,,,,,243.78539340000134,244.78538330004085,left,0.23981990001630038,245.96593359997496,None,245.96593359997496,None,245.96593359997496,None,,,5,001,2021_Dec_09_1121,Behavioural experiment project,2021.2.3,143.86067366493938,
67,conscious,1,left,leftArrow.png,3.4,,,,,0,38,38,66,,,,,,,,,,,,,,,,,,,,,,,,,,,,,246.729819900007,247.72981300007086,left,0.2673445000546053,249.63257560005877,None,249.63257560005877,None,249.63257560005877,None,,,5,001,2021_Dec_09_1121,Behavioural experiment project,2021.2.3,143.86067366493938,
9,unconscious,0.015,right,rightArrow.png,2.97,,,,,0,39,39,8,,,,,,,,,,,,,,,,,,,,,,,,,,,,,250.42423700005747,251.42422799998894,right,0.43628329993225634,252.89644949999638,None,252.89644949999638,None,252.89644949999638,None,,,5,001,2021_Dec_09_1121,Behavioural experiment project,2021.2.3,143.86067366493938,
37,unconscious,0.015,left,leftArrow.png,2.7,,,,,0,40,40,36,,,,,,,,,,,,,,,,,,,,,,,,,,,,,253.86172240006272,254.8617064000573,right,0.3526853999355808,256.06307839998044,None,256.06307839998044,None,256.06307839998044,None,,,5,001,2021_Dec_09_1121,Behavioural experiment project,2021.2.3,143.86067366493938,
8,unconscious,0.015,right,rightArrow.png,2.57,,,,,0,41,41,7,,,,,,,,,,,,,,,,,,,,,,,,,,,,,256.9450774000725,257.9450310000684,left,0.24648890004027635,259.0214152999688,None,259.0214152999688,None,259.0214152999688,None,,,5,001,2021_Dec_09_1121,Behavioural experiment project,2021.2.3,143.86067366493938,
15,unconscious,0.015,right,rightArrow.png,3.45,,,,,0,42,42,14,,,,,,,,,,,,,,,,,,,,,,,,,,,,,259.7922382999677,260.79222449997906,left,0.47825789998751134,262.74359219998587,None,262.74359219998587,None,262.74359219998587,None,,,5,001,2021_Dec_09_1121,Behavioural experiment project,2021.2.3,143.86067366493938,
20,unconscious,0.015,right,rightArrow.png,2.9,,,,,0,43,43,19,,,,,,,,,,,,,,,,,,,,,,,,,,,,,263.743595500011,264.74358680006117,left,0.4234217999037355,266.14636320003774,None,266.14636320003774,None,266.14636320003774,None,,,5,001,2021_Dec_09_1121,Behavioural experiment project,2021.2.3,143.86067366493938,
78,conscious,1,left,leftArrow.png,2.91,,,,,0,44,44,77,,,,,,,,,,,,,,,,,,,,,,,,,,,,,267.09079190006014,268.090788600035,left,0.29227190010715276,269.5005079000257,None,269.5005079000257,None,269.5005079000257,None,,,5,001,2021_Dec_09_1121,Behavioural experiment project,2021.2.3,143.86067366493938,
13,unconscious,0.015,right,rightArrow.png,2.27,,,,,0,45,45,12,,,,,,,,,,,,,,,,,,,,,,,,,,,,,270.3130005999701,271.31300780002493,left,0.3350520998938009,272.0838480000384,None,272.0838480000384,None,272.0838480000384,None,,,5,001,2021_Dec_09_1121,Behavioural experiment project,2021.2.3,143.86067366493938,
6,unconscious,0.015,right,rightArrow.png,3.59,,,,,0,46,46,5,,,,,,,,,,,,,,,,,,,,,,,,,,,,,272.9449267999735,273.94490570004564,right,0.25770550000015646,276.03519259998575,None,276.03519259998575,None,276.03519259998575,None,,,5,001,2021_Dec_09_1121,Behavioural experiment project,2021.2.3,143.86067366493938,
55,conscious,1,right,rightArrow.png,2.64,,,,,0,47,47,54,,,,,,,,,,,,,,,,,,,,,,,,,,,,,276.81295499997213,277.8129474000307,right,0.2579597000731155,278.9518466000445,None,278.9518466000445,None,278.9518466000445,None,,,5,001,2021_Dec_09_1121,Behavioural experiment project,2021.2.3,143.86067366493938,
49,conscious,1,right,rightArrow.png,3.22,,,,,0,48,48,48,,,,,,,,,,,,,,,,,,,,,,,,,,,,,279.72960289998446,280.7295935000293,right,0.29292239993810654,282.44485930004157,None,282.44485930004157,None,282.44485930004157,None,,,5,001,2021_Dec_09_1121,Behavioural experiment project,2021.2.3,143.86067366493938,
35,unconscious,0.015,left,leftArrow.png,3.55,,,,,0,49,49,34,,,,,,,,,,,,,,,,,,,,,,,,,,,,,283.2643011000473,284.26429189997725,right,0.2649826999986544,286.3128907000646,None,286.3128907000646,None,286.3128907000646,None,,,5,001,2021_Dec_09_1121,Behavioural experiment project,2021.2.3,143.86067366493938,
69,conscious,1,left,leftArrow.png,3.27,,,,,0,50,50,68,,,,,,,,,,,,,,,,,,,,,,,,,,,,,287.0976155999815,288.09760019998066,left,0.23241900000721216,289.86840749997646,None,289.86840749997646,None,289.86840749997646,None,,,5,001,2021_Dec_09_1121,Behavioural experiment project,2021.2.3,143.86067366493938,
26,unconscious,0.015,left,leftArrow.png,2.58,,,,,0,51,51,25,,,,,,,,,,,,,,,,,,,,,,,,,,,,,290.62535480002407,291.62535690004006,left,0.4910343000665307,292.7017303999746,None,292.7017303999746,None,292.7017303999746,None,,,5,001,2021_Dec_09_1121,Behavioural experiment project,2021.2.3,143.86067366493938,
76,conscious,1,left,leftArrow.png,3.28,,,,,0,52,52,75,,,,,,,,,,,,,,,,,,,,,,,,,,,,,293.71562030003406,294.71560200001113,left,0.25839599990285933,296.4933852000395,None,296.4933852000395,293.22256789996754,296.4933852000395,293.22256789996754,,,5,001,2021_Dec_09_1121,Behavioural experiment project,2021.2.3,143.86067366493938,
68,conscious,1,left,leftArrow.png,2.97,,,,,0,53,53,67,,,,,,,,,,,,,,,,,,,,,,,,,,,,,297.2780922000529,298.27808950003237,left,0.26642780005931854,299.74336039996706,None,299.74336039996706,None,299.74336039996706,None,,,5,001,2021_Dec_09_1121,Behavioural experiment project,2021.2.3,143.86067366493938,
5,unconscious,0.015,right,rightArrow.png,2.29,,,,,0,54,54,4,,,,,,,,,,,,,,,,,,,,,,,,,,,,,300.5350427000085,301.5350102999946,right,0.39933119993656874,302.3266727000009,None,302.3266727000009,None,302.3266727000009,None,,,5,001,2021_Dec_09_1121,Behavioural experiment project,2021.2.3,143.86067366493938,
34,unconscious,0.015,left,leftArrow.png,2.88,,,,,0,55,55,33,,,,,,,,,,,,,,,,,,,,,,,,,,,,,303.2502675000578,304.25026850006543,right,0.37164540006779134,305.63220780005213,None,305.63220780005213,None,305.63220780005213,None,,,5,001,2021_Dec_09_1121,Behavioural experiment project,2021.2.3,143.86067366493938,
2,unconscious,0.015,right,rightArrow.png,2.32,,,,,0,56,56,1,,,,,,,,,,,,,,,,,,,,,,,,,,,,,306.52803320006933,307.5280252000084,left,0.41337559989187866,308.3474697000347,None,308.3474697000347,None,308.3474697000347,None,,,5,001,2021_Dec_09_1121,Behavioural experiment project,2021.2.3,143.86067366493938,
43,conscious,1,right,rightArrow.png,3.62,,,,,0,57,57,42,,,,,,,,,,,,,,,,,,,,,,,,,,,,,309.284986600047,310.2849495999981,right,0.2968414999777451,312.40294210007414,None,312.40294210007414,None,312.40294210007414,None,,,5,001,2021_Dec_09_1121,Behavioural experiment project,2021.2.3,143.86067366493938,
19,unconscious,0.015,right,rightArrow.png,3.25,,,,,0,58,58,18,,,,,,,,,,,,,,,,,,,,,,,,,,,,,313.22243129997514,314.2224278000649,right,0.431384600000456,315.97241709998343,None,315.97241709998343,None,315.97241709998343,None,,,5,001,2021_Dec_09_1121,Behavioural experiment project,2021.2.3,143.86067366493938,
45,conscious,1,right,rightArrow.png,3.69,,,,,0,59,59,44,,,,,,,,,,,,,,,,,,,,,,,,,,,,,316.9237990999827,317.92379070003517,right,0.2797882000450045,320.11822299996857,None,320.11822299996857,None,320.11822299996857,None,,,5,001,2021_Dec_09_1121,Behavioural experiment project,2021.2.3,143.86067366493938,
74,conscious,1,left,leftArrow.png,2.73,,,,,0,60,60,73,,,,,,,,,,,,,,,,,,,,,,,,,,,,,320.9376596000511,321.937652099994,right,0.2429388000164181,323.1668129999889,None,323.1668129999889,None,323.1668129999889,None,,,5,001,2021_Dec_09_1121,Behavioural experiment project,2021.2.3,143.86067366493938,
40,unconscious,0.015,left,leftArrow.png,3.09,,,,,0,61,61,39,,,,,,,,,,,,,,,,,,,,,,,,,,,,,323.9306928999722,324.93067699996755,left,0.41788840002845973,326.5209683000576,None,326.5209683000576,None,326.5209683000576,None,,,5,001,2021_Dec_09_1121,Behavioural experiment project,2021.2.3,143.86067366493938,
65,conscious,1,left,leftArrow.png,3.04,,,,,0,62,62,64,,,,,,,,,,,,,,,,,,,,,,,,,,,,,327.465407300042,328.46538040007,left,0.2647500999737531,330.00704320007935,None,330.00704320007935,None,330.00704320007935,None,,,5,001,2021_Dec_09_1121,Behavioural experiment project,2021.2.3,143.86067366493938,
10,unconscious,0.015,right,rightArrow.png,3.29,,,,,0,63,63,9,,,,,,,,,,,,,,,,,,,,,,,,,,,,,330.7986980000278,331.7986956000095,left,0.38553530001081526,333.5903846999863,None,333.5903846999863,None,333.5903846999863,None,,,5,001,2021_Dec_09_1121,Behavioural experiment project,2021.2.3,143.86067366493938,
54,conscious,1,right,rightArrow.png,2.5,,,,,0,64,64,53,,,,,,,,,,,,,,,,,,,,,,,,,,,,,334.50008350005373,335.50006530003157,right,0.32188599999062717,336.5000584999798,None,336.5000584999798,None,336.5000584999798,None,,,5,001,2021_Dec_09_1121,Behavioural experiment project,2021.2.3,143.86067366493938,
64,conscious,1,left,leftArrow.png,2.58,,,,,0,65,65,63,,,,,,,,,,,,,,,,,,,,,,,,,,,,,337.3472920000786,338.34726279997267,left,0.3232701999368146,339.43059340002947,None,339.43059340002947,None,339.43059340002947,None,,,5,001,2021_Dec_09_1121,Behavioural experiment project,2021.2.3,143.86067366493938,
21,unconscious,0.015,left,leftArrow.png,3.59,,,,,0,66,66,20,,,,,,,,,,,,,,,,,,,,,,,,,,,,,340.27781840006355,341.2778086999897,left,0.3708611000329256,343.3680659000529,None,343.3680659000529,None,343.3680659000529,None,,,5,001,2021_Dec_09_1121,Behavioural experiment project,2021.2.3,143.86067366493938,
42,conscious,1,right,rightArrow.png,3.43,,,,,0,67,67,41,,,,,,,,,,,,,,,,,,,,,,,,,,,,,344.26388049998786,345.2638966999948,right,0.3284752001054585,347.1944315000437,None,347.1944315000437,None,347.1944315000437,None,,,5,001,2021_Dec_09_1121,Behavioural experiment project,2021.2.3,143.86067366493938,
18,unconscious,0.015,right,rightArrow.png,3.13,,,,,0,68,68,17,,,,,,,,,,,,,,,,,,,,,,,,,,,,,348.04858689999674,349.04858369997237,right,0.3952613999135792,350.6805175000336,None,350.6805175000336,None,350.6805175000336,None,,,5,001,2021_Dec_09_1121,Behavioural experiment project,2021.2.3,143.86067366493938,
7,unconscious,0.015,right,rightArrow.png,2.71,,,,,0,69,69,6,,,,,,,,,,,,,,,,,,,,,,,,,,,,,351.5971781000262,352.59717099997215,right,0.42328139999881387,353.8055112999864,None,353.8055112999864,None,353.8055112999864,None,,,5,001,2021_Dec_09_1121,Behavioural experiment project,2021.2.3,143.86067366493938,
60,conscious,1,right,rightArrow.png,3.21,,,,,0,70,70,59,,,,,,,,,,,,,,,,,,,,,,,,,,,,,354.7499438000377,355.74993439996615,right,0.3185494999634102,357.458248800016,None,357.458248800016,None,357.458248800016,None,,,5,001,2021_Dec_09_1121,Behavioural experiment project,2021.2.3,143.86067366493938,
59,conscious,1,right,rightArrow.png,3.2,,,,,0,71,71,58,,,,,,,,,,,,,,,,,,,,,,,,,,,,,358.298533000052,359.29851290001534,right,0.2758966999826953,360.99989790003747,None,360.99989790003747,None,360.99989790003747,None,,,5,001,2021_Dec_09_1121,Behavioural experiment project,2021.2.3,143.86067366493938,
52,conscious,1,right,rightArrow.png,2.29,,,,,0,72,72,51,,,,,,,,,,,,,,,,,,,,,,,,,,,,,361.7984914999688,362.7984927999787,right,0.3217612999724224,363.590159400017,None,363.590159400017,None,363.590159400017,None,,,5,001,2021_Dec_09_1121,Behavioural experiment project,2021.2.3,143.86067366493938,
17,unconscious,0.015,right,rightArrow.png,3.37,,,,,0,73,73,16,,,,,,,,,,,,,,,,,,,,,,,,,,,,,364.4373709000647,365.4373626000015,right,0.40054129995405674,367.3054031999782,None,367.3054031999782,None,367.3054031999782,None,,,5,001,2021_Dec_09_1121,Behavioural experiment project,2021.2.3,143.86067366493938,
63,conscious,1,left,leftArrow.png,2.65,,,,,0,74,74,62,,,,,,,,,,,,,,,,,,,,,,,,,,,,,368.22900519997347,369.22901040001307,left,0.276077099959366,370.3817615000298,None,370.3817615000298,None,370.3817615000298,None,,,5,001,2021_Dec_09_1121,Behavioural experiment project,2021.2.3,143.86067366493938,
14,unconscious,0.015,right,rightArrow.png,2.76,,,,,0,75,75,13,,,,,,,,,,,,,,,,,,,,,,,,,,,,,371.18037920002826,372.18037219997495,None,,373.4372981999768,None,373.4372981999768,373.93730710004456,373.4372981999768,373.93730710004456,,,5,001,2021_Dec_09_1121,Behavioural experiment project,2021.2.3,143.86067366493938,
11,unconscious,0.015,right,rightArrow.png,2.45,,,,,0,76,76,10,,,,,,,,,,,,,,,,,,,,,,,,,,,,,374.9442408999894,375.94423450005706,left,0.26321890007238835,376.89561730006244,374.4581377999857,376.89561730006244,None,376.89561730006244,None,,,5,001,2021_Dec_09_1121,Behavioural experiment project,2021.2.3,143.86067366493938,
4,unconscious,0.015,right,rightArrow.png,3.26,,,,,0,77,77,3,,,,,,,,,,,,,,,,,,,,,,,,,,,,,377.68031940003857,378.6803249999648,right,0.364591300021857,380.43725409999024,None,380.43725409999024,None,380.43725409999024,None,,,5,001,2021_Dec_09_1121,Behavioural experiment project,2021.2.3,143.86067366493938,
32,unconscious,0.015,left,leftArrow.png,2.32,,,,,0,78,78,31,,,,,,,,,,,,,,,,,,,,,,,,,,,,,381.3261685000034,382.32614040002227,left,0.24723350000567734,383.1455769999884,None,383.1455769999884,None,383.1455769999884,None,,,5,001,2021_Dec_09_1121,Behavioural experiment project,2021.2.3,143.86067366493938,
36,unconscious,0.015,left,leftArrow.png,2.4,,,,,0,79,79,35,,,,,,,,,,,,,,,,,,,,,,,,,,,,,383.91640490002465,384.916399299982,left,0.4925863000098616,385.8122233999893,None,385.8122233999893,None,385.8122233999893,None,,,5,001,2021_Dec_09_1121,Behavioural experiment project,2021.2.3,143.86067366493938,
,,,,,,,,,,,,,,,,,,,,,,,,,,,,,,,,,,,,,,,,,,,,,,,,,,,,386.3191655999981,None,,,,,,,
